,CATEGORY,FRAGMENTS,FREQUENCY
3692,No ,[1*]C([6*])=O,8642
3693,No ,[5*]N[5*],8632
3694,No ,[4*]C[8*],4423
3695,No ,[16*]c1ccccc1,3458
3696,No ,[3*]OC,2546
3697,No ,[5*]N1CCN([5*])CC1,2064
3698,No ,[16*]c1ccc([16*])cc1,1816
3699,No ,[8*]C[8*],1636
3700,No ,[5*]N1CCC([15*])CC1,1578
3701,No ,[3*]O[3*],1505
3702,No ,[1*]C(=O)C[8*],1257
3703,No ,[16*]c1cccc([16*])c1,1065
3704,No ,[15*]C1CC1,934
3705,No ,[16*]c1ccccc1[16*],921
3706,No ,[16*]c1ccc(F)cc1,818
3707,No ,[1*]C(=O)C[4*],756
3708,No ,[8*]C(F)(F)F,752
3709,No ,[5*]N([5*])C,714
3710,No ,[1*]C([1*])=O,698
3711,No ,[14*]c1csc([14*])n1,691
3712,No ,[8*]CC,647
3713,No ,[4*]CC,621
3714,No ,[14*]c1noc([14*])n1,553
3715,No ,[6*]C(N)=O,515
3716,No ,[11*]S[11*],492
3717,No ,[16*]c1ccc(Cl)cc1,482
3718,No ,[5*]N1CCCC1[13*],476
3719,No ,[14*]c1ccc([16*])cn1,428
3720,No ,[16*]c1ccccc1Cl,409
3721,No ,[1*]C(C)=O,402
3722,No ,[14*]c1ccccn1,399
3723,No ,[4*]C([8*])C,393
3724,No ,[16*]c1ccc(C)cc1,392
3725,No ,[5*]N([5*])[5*],389
3726,No ,[16*]c1ccccc1F,385
3727,No ,[16*]c1ccc([16*])c([16*])c1,371
3728,No ,[5*]N1CCCC([15*])C1,355
3729,No ,[5*]N(C)C,346
3730,No ,[5*]N1CCCC1,344
3731,No ,[4*]CC[8*],316
3732,No ,[16*]c1cccc(Cl)c1,311
3733,No ,[14*]c1nnc([14*])o1,297
3734,No ,[16*]c1ccccc1C,294
3735,No ,[8*]C(C)C,278
3736,No ,[15*]C1CCCC1,277
3737,No ,[16*]c1ccncc1,274
3738,No ,[5*]N1CCOCC1,272
3739,No ,[5*]N1CCCCC1,265
3740,No ,[1*]C(=O)CC[8*],264
3741,No ,[16*]c1cccnc1,261
3742,No ,[9*]n1cccn1,250
3743,No ,[16*]c1cccc(F)c1,242
3744,No ,[9*]n1cc([16*])cn1,239
3745,No ,[15*]C1CCCCC1,236
3746,No ,[14*]c1cc([14*])on1,226
3747,No ,[5*]N1CCC([15*])C1,220
3748,No ,[14*]c1ncccc1[16*],219
3749,No ,[9*]n1ccc([14*])n1,217
3750,No ,[9*]n1c([14*])nc2ccccc21,200
3751,No ,[16*]c1cccc(C)c1,200
3752,No ,[13*]C1CCCO1,187
3753,No ,[8*]CO,185
3754,No ,[14*]c1cccs1,184
3755,No ,[14*]c1ncccn1,181
3756,No ,[5*]NC,178
3757,No ,[14*]c1cnc([14*])s1,176
3758,No ,[9*]n1cc([14*])nn1,173
3759,No ,[14*]c1ccc([14*])o1,171
3760,No ,[9*]n1cncn1,170
3761,No ,[16*]c1c[nH]c2ccccc12,164
3762,No ,[4*]C([8*])[8*],162
3763,No ,[4*]C(C)C,161
3764,No ,[1*]C(=O)C([4*])C,161
3765,No ,[4*]CC[4*],160
3766,No ,[14*]c1nnc([14*])s1,151
3767,No ,[14*]c1nc2ccccc2s1,151
3768,No ,[5*]N1CCCN([5*])CC1,147
3769,No ,[9*]n1ncc([16*])c1C,146
3770,No ,[10*]N1CCCC1=O,146
3771,No ,[12*]S(=O)(=O)c1ccc([16*])cc1,138
3772,No ,[10*]N1CC([15*])CC1=O,131
3773,No ,[14*]c1nc(C)c([14*])s1,123
3774,No ,[9*]n1nc(C)cc1C,122
3775,No ,[6*]C(=O)O,122
3776,No ,[16*]c1ccc(C#N)cc1,120
3777,No ,[9*]n1nc(C)c([16*])c1C,119
3778,No ,[5*]N1CCc2ccccc21,117
3779,No ,[5*]N1CCCCCC1,117
3780,No ,[16*]c1ccc(Cl)cc1[16*],115
3781,No ,[14*]c1ccc2ccccc2n1,115
3782,No ,[9*]n1nnnc1[14*],113
3783,No ,[9*]n1nnc([14*])n1,111
3784,No ,[16*]c1ccc([16*])c(F)c1,110
3785,No ,[15*]C12CC3CC(CC(C3)C1)C2,108
3786,No ,[13*]C1COc2ccccc2O1,106
3787,No ,[5*]N1CCN(C)CC1,105
3788,No ,[15*]C1CCOC1,104
3789,No ,[16*]c1ccc2c(c1)OCCO2,104
3790,No ,[14*]c1cnc([14*])o1,103
3791,No ,[5*]N1CCCCC1[13*],103
3792,No ,[16*]c1cnn(C)c1,102
3793,No ,[8*]CC(C)C,100
3794,No ,[5*]N1CCc2ccccc2C1,99
3795,No ,[14*]c1cc([16*])ccn1,98
3796,No ,[16*]c1ccc(F)cc1F,97
3797,No ,[15*]C1CC1[15*],97
3798,No ,[3*]OC(F)F,96
3799,No ,[14*]c1ccco1,95
3800,No ,[14*]c1cnccn1,94
3801,No ,[14*]c1nc2ccccc2[nH]1,92
3802,No ,[15*]C1CCC1,92
3803,No ,[14*]c1ccc([14*])s1,91
3804,No ,[14*]c1cc2ccccc2[nH]1,91
3805,No ,[16*]c1ccc(Br)cc1,90
3806,No ,[14*]c1nnc2ccccn12,90
3807,No ,[8*]CC[8*],88
3808,No ,[9*]n1ccnc1,87
3809,No ,[15*]C1CC2CCC1C2,85
3810,No ,[9*]n1c([14*])nnc1[14*],84
3811,No ,[16*]c1ccc(Cl)c(Cl)c1,81
3812,No ,[14*]c1cc(C)nc2c([16*])c(C)nn12,79
3813,No ,[16*]c1ccc(Cl)cc1Cl,79
3814,No ,[15*]C1([15*])CC1,79
3815,No ,[16*]c1cc([16*])cc([16*])c1,78
3816,No ,[14*]c1cc([16*])c2ccccc2n1,77
3817,No ,[5*]N1CCOC([13*])C1,77
3818,No ,[16*]c1ccc(F)c(F)c1,76
3819,No ,[14*]c1cc([14*])[nH]n1,76
3820,No ,[4*]CC(C)C,76
3821,No ,[4*]CC(N)=O,75
3822,No ,[9*]n1ncc([16*])c1[14*],75
3823,No ,[14*]c1nc2ccccc2o1,74
3824,No ,[5*]N1c2ccccc2CC1C,74
3825,No ,[14*]c1cc2ccccc2o1,73
3826,No ,[16*]c1ccc(C)c([16*])c1,73
3827,No ,[14*]c1nnc([14*])n1C,73
3828,No ,[14*]c1coc([14*])n1,73
3829,No ,[13*]C1Cc2ccccc2O1,72
3830,No ,[16*]c1ccc([16*])c(C)c1,71
3831,No ,[5*]N1CC=C(c2c[nH]c3ccccc23)CC1,70
3832,No ,[12*]S(=O)(=O)c1cccc([16*])c1,70
3833,No ,[14*]c1cnc2ccccc2n1,69
3834,No ,[16*]c1cccc2ncccc12,68
3835,No ,[5*]N1CCc2cc([16*])c([16*])cc2C1,68
3836,No ,[9*]n1ccnc1[14*],67
3837,No ,[16*]c1cccc2cccnc12,67
3838,No ,[9*]n1cnnc1[14*],66
3839,No ,[14*]c1n[nH]c2ccccc12,66
3840,No ,[14*]c1nc(C)no1,64
3841,No ,[16*]c1cccc(C#N)c1,63
3842,No ,[8*]CC(N)=O,62
3843,No ,[1*]C(=O)C(C)C,62
3844,No ,[12*]S(C)(=O)=O,61
3845,No ,[16*]c1cc(C)ccc1C,61
3846,No ,[16*]c1ccccc1O,61
3847,No ,[9*]n1c(=O)c([16*])c(C)n1C,60
3848,No ,[14*]c1ccc(C)o1,60
3849,No ,[16*]c1ccc2c(c1)CCC2,59
3850,No ,[16*]c1c(F)cccc1F,59
3851,No ,[5*]N1CCC(C)CC1,59
3852,No ,[15*]C1([15*])CCC1,59
3853,No ,[5*]N1CCNC(=O)C1,58
3854,No ,[5*]N1CCC(O)CC1,58
3855,No ,[16*]c1ccc2[nH]c3c(c2c1)CCCC3,57
3856,No ,[4*]CCC[8*],57
3857,No ,[5*]N1CCCc2ccccc21,57
3858,No ,[16*]c1ccc(C)cc1[16*],57
3859,No ,[14*]c1nccs1,56
3860,No ,[14*]c1ccc(C#N)cn1,56
3861,No ,[16*]c1c(F)cccc1Cl,56
3862,No ,[9*]n1nnc([14*])c1C,55
3863,No ,[15*]C1CCC([15*])CC1,54
3864,No ,[6*]C(C)=O,54
3865,No ,[9*]n1c(=O)oc2ccccc21,53
3866,No ,[5*]N1CCCc2cc([16*])ccc21,52
3867,No ,[14*]c1noc(C)c1[16*],52
3868,No ,[4*]CC([4*])[8*],52
3869,No ,[10*]N1C(=O)CCC1=O,51
3870,No ,[10*]N1CCC([15*])C1=O,51
3871,No ,[16*]c1ccsc1,51
3872,No ,[16*]c1cccc(Br)c1,51
3873,No ,[14*]c1nc([14*])c(C)o1,51
3874,No ,[8*]CS(=O)C[8*],51
3875,No ,[15*]C1CCCCCC1,51
3876,No ,[16*]c1ccc(C)cc1C,50
3877,No ,[5*]N1CCN(C)CC1[13*],50
3878,No ,[4*]CCO,50
3879,No ,[16*]c1ccc([16*])c(Cl)c1,50
3880,No ,[5*]N1Cc2ccccc2CC1[13*],49
3881,No ,[5*]N1CC(C)OC(C)C1,49
3882,No ,[14*]c1ccc([14*])nn1,49
3883,No ,[9*]n1cnnn1,49
3884,No ,[14*]c1nsc([14*])n1,49
3885,No ,[16*]c1ccc(F)cc1[16*],49
3886,No ,[9*]n1cc([16*])c2ccccc21,49
3887,No ,[14*]c1ccnc([14*])n1,49
3888,No ,[14*]c1nccn1C,48
3889,No ,[9*]n1cnc2c1c(=O)n(C)c(=O)n2C,48
3890,No ,[16*]c1cccc(C)c1C,48
3891,No ,[9*]n1cc([16*])c([14*])n1,48
3892,No ,[3*]OC(F)(F)F,48
3893,No ,[16*]c1ccccc1Br,48
3894,No ,[16*]c1cc(C)cc(C)c1,48
3895,No ,[14*]c1cc2ccc([16*])cc2[nH]1,47
3896,No ,[12*]S(=O)(=O)c1cc([16*])ccc1C,47
3897,No ,[16*]c1ccc2c(c1)OCC(=O)N2,46
3898,No ,[16*]c1cn(C)c2ccccc12,46
3899,No ,[16*]c1ccc(C)c(C)c1,44
3900,No ,[5*]N1CC(C)CC(C)C1,44
3901,No ,[14*]c1cccc(C)n1,44
3902,No ,[16*]c1ccc2c(c1)OCO2,43
3903,No ,[14*]c1ncccc1C#N,43
3904,No ,[1*]C(=O)CC[4*],43
3905,No ,[9*]n1nccc1[14*],42
3906,No ,[14*]c1cccc([14*])n1,42
3907,No ,[14*]c1nc2ccc([16*])cc2s1,42
3908,No ,[16*]c1ccc(O)cc1,42
3909,No ,[9*]n1nnn([9*])c1=O,42
3910,No ,[16*]c1cc([16*])c([16*])c([16*])c1,41
3911,No ,[9*]n1nc([14*])cc1C,41
3912,No ,[16*]c1ccc(F)cc1Cl,41
3913,No ,[16*]c1cccc([16*])c1[16*],40
3914,No ,[5*]N1CCc2cc([16*])ccc21,40
3915,No ,[16*]c1ccc(F)c([16*])c1,40
3916,No ,[16*]c1ccc2c(c1)CCO2,40
3917,No ,[14*]c1nc([14*])c(C)s1,40
3918,No ,[14*]c1cc(C)on1,40
3919,No ,[15*]C1CCOCC1,39
3920,No ,[9*]n1nc([14*])nc1C,39
3921,No ,[4*]CC(F)(F)F,39
3922,No ,[15*]C1C=CCC1,39
3923,No ,[9*]n1ncc2c([14*])ncnc21,39
3924,No ,[5*]N1CCCCC1C,39
3925,No ,[16*]c1ccc(Cl)c([16*])c1,39
3926,No ,[15*]C1CCN(C)CC1,39
3927,No ,[14*]c1cc2ccccc2s1,39
3928,No ,[16*]c1ccccc1C#N,38
3929,No ,[9*]n1cnc([14*])n1,38
3930,No ,[16*]c1cc(O)nc2ccccc12,38
3931,No ,[15*]C1CCCCNC1=O,38
3932,No ,[16*]c1cnc2c(c1)c(C)nn2C,38
3933,No ,[8*]CC=C,38
3934,No ,[9*]n1c([14*])nc2c1c(=O)[nH]c(=O)n2C,38
3935,No ,[5*]N1CCc2sccc2C1,38
3936,No ,[14*]c1cn2ccccc2n1,37
3937,No ,[16*]c1ccc(C)c(F)c1,37
3938,No ,[14*]c1ncnc2ccccc12,37
3939,No ,[14*]c1cc2cc(F)ccc2[nH]1,36
3940,No ,[16*]c1c(C)cccc1C,36
3941,No ,[9*]n1c(=O)[nH]c2ccccc21,36
3942,No ,[16*]c1c(C)noc1C,36
3943,No ,[5*]N1CCCc2ccc(F)cc21,36
3944,No ,[4*]CC([6*])=O,36
3945,No ,[14*]c1nc(C)cs1,35
3946,No ,[15*]C1CCC(C)CC1,35
3947,No ,[1*]C(=O)CC,35
3948,No ,[14*]c1nc2ccccc2n1C,35
3949,No ,[15*]C1([15*])CCCC1,34
3950,No ,[8*]CS(=O)(=O)C[8*],34
3951,No ,[8*]C(F)F,34
3952,No ,[10*]N1CCCCC1=O,34
3953,No ,[16*]c1ccc(S(C)(=O)=O)cc1,34
3954,No ,[5*]N1CCCC(C)C1,34
3955,No ,[5*]N1CC([15*])C1,34
3956,No ,[16*]c1ccc2c(c1)CCCC2,33
3957,No ,[15*]C1CCS(=O)(=O)C1,33
3958,No ,[9*]n1nc([14*])ccc1=O,33
3959,No ,[5*]N1CC=C(c2c[nH]c3ccc([16*])cc23)CC1,33
3960,No ,[12*]S(=O)(=O)c1ccc(C)cc1,33
3961,No ,[14*]c1nnco1,33
3962,No ,[14*]c1ncc([16*])cc1Cl,32
3963,No ,[1*]C(=O)C([8*])C,32
3964,No ,[1*]C(=O)C([4*])[8*],32
3965,No ,[16*]c1ccc2c(c1)NC(=O)CO2,31
3966,No ,[14*]c1cc(C)no1,31
3967,No ,[14*]c1ncc([16*])cn1,31
3968,No ,[12*]S(=O)(=O)c1ccccc1,31
3969,No ,[14*]c1csc(C)n1,31
3970,No ,[1*]C(=O)CN1C(=O)COc2ccccc21,30
3971,No ,[9*]n1c([14*])nnc1C,30
3972,No ,[5*]N(C)C1CCCc2ccccc21,30
3973,No ,[16*]c1c(C)nn(C)c1C,30
3974,No ,[14*]c1noc(C)n1,30
3975,No ,[14*]c1ccc(Cl)cn1,30
3976,No ,[14*]c1ncnc2c1cnn2C,30
3977,No ,[9*]n1c(=O)n([9*])c2ccccc21,29
3978,No ,[16*]c1cc(F)cc(F)c1,29
3979,No ,[8*]CN,29
3980,No ,[15*]C1CC(C)(C)NC(C)(C)C1,29
3981,No ,[9*]n1c([14*])nc2c1c(=O)n(C)c(=O)n2C,29
3982,No ,[14*]c1cn2cccc(C)c2n1,29
3983,No ,[16*]c1cc(Cl)cc(Cl)c1,29
3984,No ,[16*]c1c(Cl)cccc1Cl,29
3985,No ,[9*]n1cnc2ccccc21,28
3986,No ,[16*]c1cccc([16*])c1C,28
3987,No ,[15*]C1CC1C,28
3988,No ,[15*]C1CCCCC1[15*],28
3989,No ,[14*]c1nc([14*])c2ccccc2n1,28
3990,No ,[9*]n1c([14*])cc2ccccc21,28
3991,No ,[14*]c1cnc(C)cn1,28
3992,No ,[16*]c1ccc(F)c(Cl)c1,28
3993,No ,[14*]c1cc2cc(Cl)ccc2[nH]1,27
3994,No ,[14*]c1ncnc2sccc12,27
3995,No ,[16*]c1c(C)[nH]c2ccccc12,27
3996,No ,[14*]c1cc([14*])ncn1,27
3997,No ,[10*]N1CCNC1=O,27
3998,No ,[14*]c1cc2c([14*])ncnc2s1,27
3999,No ,[5*]NC1CCOc2ccccc21,26
4000,No ,[16*]c1cc(F)ccc1F,26
4001,No ,[16*]c1cc(Cl)ccc1Cl,26
4002,No ,[12*]S(=O)(=O)c1ccc2c(c1)CCC2,26
4003,No ,[15*]C1CCCC1O,26
4004,No ,[14*]c1ncnc2scc([16*])c12,26
4005,No ,[14*]c1cc(C)nc2c([16*])cnn12,26
4006,No ,[9*]n1ncc([16*])c(Cl)c1=O,26
4007,No ,[16*]c1ccoc1C,25
4008,No ,[9*]n1ccnn1,25
4009,No ,[9*]n1ncc2cc([16*])cnc21,25
4010,No ,[14*]c1ccc(C)s1,25
4011,No ,[14*]c1[nH]c2ccccc2c1Cl,25
4012,No ,[1*]C(=O)C([8*])(C)C,25
4013,No ,[9*]n1nc([14*])nc1[14*],24
4014,No ,[10*]N1C(=O)CC([15*])C1=O,24
4015,No ,[5*]N1CCC([15*])([15*])CC1,24
4016,No ,[14*]c1ncnc2ccsc12,24
4017,No ,[9*]n1nc([14*])cc1[14*],24
4018,No ,[9*]n1nc2ccccn2c1=O,24
4019,No ,[14*]c1ncnc2nc[nH]c12,24
4020,No ,[8*]CCC,24
4021,No ,[9*]n1cc(C)cn1,24
4022,No ,[16*]c1ccc2ncccc2c1,23
4023,No ,[14*]c1nccnc1N,23
4024,No ,[6*]C(=O)C[8*],23
4025,No ,[16*]c1cc(C)nc2ccccc12,23
4026,No ,[9*]n1cccc1,23
4027,No ,[8*]CCC(=O)O,23
4028,No ,[9*]n1cc([16*])ccc1=O,23
4029,No ,[5*]N1CCc2[nH]c3ccccc3c2C1,23
4030,No ,[4*]CC(=O)O,23
4031,No ,[1*]C(=O)CN1C(=O)COc2ccc(Cl)cc21,23
4032,No ,[16*]c1cccc([N+](=O)[O-])c1,23
4033,No ,[5*]N(C)C1CCc2ccccc21,23
4034,No ,[5*]N1CCNC(=O)C1[13*],23
4035,No ,[16*]c1ccc(C)c(Cl)c1,23
4036,No ,[9*]n1nc([14*])c2c1CCC2,23
4037,No ,[10*]N1C(=O)C2CCCCC2C1=O,22
4038,No ,[14*]c1nncn1C,22
4039,No ,[16*]c1cccc2[nH]ccc12,22
4040,No ,[5*]N1CCCCc2ccccc21,22
4041,No ,[14*]c1sccc1[16*],22
4042,No ,[14*]c1nc(C)c([14*])o1,22
4043,No ,[5*]NC1CCc2ccccc21,22
4044,No ,[15*]C1CCCCC1C,22
4045,No ,[14*]c1cc2cc([16*])cc([16*])c2[nH]1,22
4046,No ,[5*]NC1CCCc2ccccc21,22
4047,No ,[14*]c1ccc([16*])c(C)n1,22
4048,No ,[16*]c1ccc(Cl)cc1F,22
4049,No ,[9*]n1cnc2ccccc2c1=O,22
4050,No ,[5*]N1CCOc2ccccc21,22
4051,No ,[16*]c1ccc(F)c(F)c1F,21
4052,No ,[4*]CC=C,21
4053,No ,[5*]N1CCC(O)C1,21
4054,No ,[11*]SC,21
4055,No ,[14*]c1cc(C)nc([14*])n1,21
4056,No ,[5*]N1CCNCC1,21
4057,No ,[9*]n1ccc(C)n1,21
4058,No ,[14*]c1nnc2n1CCC2,21
4059,No ,[14*]c1ccnn1C,21
4060,No ,[9*]n1c(=O)[nH]c2ccccc2c1=O,21
4061,No ,[15*]C1CCC(O)CC1,21
4062,No ,[1*]C(=O)C1c2ccccc2Oc2ccccc21,21
4063,No ,[5*]N1CCc2c([nH]c3ccccc23)C1C,21
4064,No ,[15*]C1CC2CCC1(C)C2(C)C,21
4065,No ,[16*]c1ccc(S(N)(=O)=O)cc1,21
4066,No ,[16*]c1ccc(C)nc1,21
4067,No ,[9*]n1nc(C)c2cc([14*])sc21,21
4068,No ,[14*]c1sccc1C,21
4069,No ,[16*]c1ccoc1,21
4070,No ,[14*]c1scnc1C,20
4071,No ,[16*]c1cccc2cnccc12,20
4072,No ,[14*]c1sc2ccccc2c1Cl,20
4073,No ,[4*]CC(C)O,20
4074,No ,[14*]c1cn2ccc(C)cc2n1,20
4075,No ,[16*]c1ccc2[nH]c(C)c(C)c2c1,20
4076,No ,[14*]c1ccc(C)cn1,20
4077,No ,[16*]c1cccc(Cl)c1Cl,20
4078,No ,[16*]c1ccc(F)cc1C,19
4079,No ,[9*]n1nnc2ccccc2c1=O,19
4080,No ,[5*]N1CC[C@H](O)C1,19
4081,No ,[5*]N1CCN2CCCCC2C1,19
4082,No ,[14*]c1nn2c([14*])cc(C)nc2c1[16*],19
4083,No ,[14*]c1cn2c([14*])csc2n1,19
4084,No ,[14*]c1nc2nc(C)cc(C)n2n1,19
4085,No ,[12*]S(=O)(=O)c1ccc2c(c1)CCC(=O)N2,19
4086,No ,[5*]N1CC([13*])Oc2ccccc21,19
4087,No ,[14*]c1oc2ccccc2c1C,19
4088,No ,[9*]n1nc(C)cc1[14*],19
4089,No ,[5*]N1CCCC(O)C1,19
4090,No ,[14*]c1cscn1,19
4091,No ,[12*]S(=O)(=O)c1ccc([16*])c([16*])c1,18
4092,No ,[14*]c1nc2nccc(C)n2n1,18
4093,No ,[8*]CS(C)=O,18
4094,No ,[9*]n1c([14*])nc2c1c(=O)[nH]c(=O)n2[9*],18
4095,No ,[16*]c1cc(Cl)ccc1C,18
4096,No ,[14*]c1ccc(Cl)s1,18
4097,No ,[15*]C1CCN(C)C(=O)C1,18
4098,No ,[16*]c1cccc2c1OCCO2,18
4099,No ,[14*]c1ccc([16*])c(=O)[nH]1,18
4100,No ,[9*]n1c(=O)n(C)c2ccccc21,18
4101,No ,[14*]c1nn(C)cc1[16*],18
4102,No ,[14*]c1cn2c(C)cccc2n1,18
4103,No ,[8*]CCC(C)C,18
4104,No ,[14*]c1cc(C#N)c2ccccc2n1,18
4105,No ,[16*]c1cnc2ccccc2c1,18
4106,No ,[14*]c1cc2ccc(C)cc2[nH]1,17
4107,No ,[16*]c1cnc2nc(C)ccc2c1O,17
4108,No ,[14*]c1cc([16*])cs1,17
4109,No ,[16*]c1ccc(O)nc1,17
4110,No ,[15*]C1CCCC([15*])C1,17
4111,No ,[8*]CCO,17
4112,No ,[5*]N1CCNC(=O)CC1,17
4113,No ,[14*]c1ncccc1C,17
4114,No ,[16*]c1cncc([16*])c1,17
4115,No ,[16*]c1ccc2[nH]cc([16*])c2c1,17
4116,No ,[14*]c1cc2c(C)nn(C)c2s1,17
4117,No ,[5*]N1CCC[C@@H]1[13*],17
4118,No ,[14*]c1nnc([14*])[nH]1,17
4119,No ,[9*]n1ccc2cc([16*])ccc21,17
4120,No ,[14*]c1cc2cc(Cl)ccc2o1,17
4121,No ,[9*]n1nc([14*])oc1=O,17
4122,No ,[16*]c1cc(C)c(Cl)cc1[16*],17
4123,No ,[16*]c1csc2ccccc12,17
4124,No ,[12*]S(=O)(=O)c1ccc(Cl)cc1,17
4125,No ,[5*]N1CCC2CCC(C1)N2C,17
4126,No ,[5*]N1CC(=O)Nc2ccccc21,17
4127,No ,[5*]N1CCc2[nH]c3ccc(F)cc3c2C1,17
4128,No ,[5*]N1CCOC(C)C1,17
4129,No ,[1*]C(=O)CCN1C(=O)COc2ccccc21,17
4130,No ,[14*]c1nc(N)c2ccccc2n1,17
4131,No ,[1*]C(=O)C1CC(=O)Nc2ccccc21,17
4132,No ,[12*]S(=O)(=O)c1ccc(C)c(C)c1,17
4133,No ,[14*]c1nnc2n1CCCCC2,16
4134,No ,[4*]C1([15*])CCC1,16
4135,No ,[16*]c1ccc([16*])c(O)c1,16
4136,No ,[16*]c1cccc(C)c1[16*],16
4137,No ,[14*]c1ccc2cc([16*])ccc2n1,16
4138,No ,[16*]c1ccc2oc(C)nc2c1,16
4139,No ,[14*]c1nnc2ccc([16*])cn12,16
4140,No ,[4*]C(C)C(N)=O,16
4141,No ,[14*]c1cn2cc(Cl)ccc2n1,16
4142,No ,[9*]n1cnc2cc([14*])sc2c1=O,16
4143,No ,[4*]CC(O)C[8*],16
4144,No ,[1*]C(N)=O,16
4145,No ,[1*]C(=O)C1CCCc2ccccc21,16
4146,No ,[14*]c1cc([14*])nc([14*])n1,16
4147,No ,[9*]n1c(=O)c2c(ncn2C)n(C)c1=O,16
4148,No ,[4*]CC(F)F,16
4149,No ,[16*]c1ccc(Cl)cc1C,15
4150,No ,[5*]N1CC=C(c2c[nH]c3ncccc23)CC1,15
4151,No ,[9*]n1ccnc1C,15
4152,No ,[9*]n1ccnc([14*])c1=O,15
4153,No ,[9*]n1cc([16*])c(C)n1,15
4154,No ,[16*]c1cc(Cl)ccc1O,15
4155,No ,[14*]c1cc2c(F)cccc2s1,15
4156,No ,[5*]N1CCCc2c([16*])cccc21,15
4157,No ,[16*]c1cccc(S(C)(=O)=O)c1,15
4158,No ,[16*]c1ccc2c(c1)OCCCO2,15
4159,No ,[16*]c1ccncc1[16*],15
4160,No ,[12*]S(=O)(=O)c1ccc(C)c([16*])c1,15
4161,No ,[5*]N1CC=C(c2c[nH]c3cc(F)ccc23)CC1,15
4162,No ,[14*]c1nc([14*])c([14*])s1,15
4163,No ,[15*]C1Cc2ccccc2C1,15
4164,No ,[10*]N1CCCC([15*])C1=O,15
4165,No ,[15*]C1CCNCC1,15
4166,No ,[14*]c1nccc2ccccc12,15
4167,No ,[5*]N1CCCCCC1[13*],15
4168,No ,[16*]c1cn[nH]c1,15
4169,No ,[5*]N1CC([15*])C(C)C1,15
4170,No ,[5*]N1CCN([5*])C(C)C1,15
4171,No ,[14*]c1nncs1,15
4172,No ,[12*]S(=O)(=O)c1ccccc1[16*],15
4173,No ,[5*]N1CCCC1C1CCCN1C,15
4174,No ,[14*]c1nc([14*])nc(N)n1,15
4175,No ,[7*]C[8*],15
4176,No ,[14*]c1cncc([14*])n1,15
4177,No ,[14*]c1nc2c([16*])cccc2s1,14
4178,No ,[14*]c1cc([14*])n(C)n1,14
4179,No ,[16*]c1cc([16*])c(Cl)cc1[16*],14
4180,No ,[5*]N1CCCC2CCCCC21,14
4181,No ,[14*]c1ncccc1Cl,14
4182,No ,[8*]CS(C)(=O)=O,14
4183,No ,[1*]C(=O)C1CC(=O)Nc2cc(F)ccc21,14
4184,No ,[5*]N1CCc2[nH]c3ccc(Cl)cc3c2C1,14
4185,No ,[16*]c1cc([16*])c(C)c([16*])c1,14
4186,No ,[14*]c1nc2ccccc2c(=O)[nH]1,14
4187,No ,[14*]c1cc(C)nc2ncnn12,14
4188,No ,[14*]c1cc(C)c2ccccc2n1,14
4189,No ,[16*]c1cccc2c1CCCC2,14
4190,No ,[14*]c1ccn(C)n1,14
4191,No ,[16*]c1ccc(C#N)cc1[16*],14
4192,No ,[14*]c1sccc1C#N,14
4193,No ,[16*]c1cc(F)ccc1C,14
4194,No ,[16*]c1cc(Cl)cc2c1OCC2,14
4195,No ,[16*]c1cnc2c(cnn2C)c1[16*],14
4196,No ,[15*]C1CCN2CCCCC12,13
4197,No ,[16*]c1ccc2nc(C)c(C)nc2c1,13
4198,No ,[4*]C([8*])C(N)=O,13
4199,No ,[13*]C1CCCCO1,13
4200,No ,[1*]C(=O)CN1C(=O)CCOc2ccccc21,13
4201,No ,[8*]C(C)(C)C,13
4202,No ,[14*]c1nnc[nH]1,13
4203,No ,[4*]CC([8*])O,13
4204,No ,[9*]n1c(C)cc([16*])c1C,13
4205,No ,[14*]c1ncncc1[16*],13
4206,No ,[16*]c1ccc2[nH]ccc2c1,13
4207,No ,[16*]c1ccc(C#N)cc1F,13
4208,No ,[16*]c1ccc2[nH]c(C)cc2c1,13
4209,No ,[16*]c1cc(Cl)ccc1F,13
4210,No ,[9*]n1nnc2c(cnn2[9*])c1=O,13
4211,No ,[5*]N1c2ccccc2CCC1C,13
4212,No ,[15*]C1CCC(=O)NC1,13
4213,No ,[9*]n1nnc([14*])c1[14*],13
4214,No ,[14*]c1cc2cc(Br)ccc2[nH]1,13
4215,No ,[4*]C1([15*])CCCCC1,13
4216,No ,[16*]c1ccc2c(c1)CCC(=O)N2,13
4217,No ,[15*]C1CCc2nc(C)cn2C1,13
4218,No ,[14*]c1cc2ccccc2n1C,12
4219,No ,[16*]c1csc2c1CCCC2,12
4220,No ,[5*]N1CCCN(C)CC1,12
4221,No ,[16*]c1ccc(F)cc1Br,12
4222,No ,[14*]c1ccc(Br)o1,12
4223,No ,[12*]S(=O)(=O)c1ccc(F)cc1,12
4224,No ,[16*]c1ccccc1[N+](=O)[O-],12
4225,No ,[5*]N1CC([15*])CCC1C,12
4226,No ,[9*]n1nnc2ccccc21,12
4227,No ,[16*]c1cccc2cc[nH]c12,12
4228,No ,[14*]c1cn2ccsc2n1,12
4229,No ,[16*]c1ccnc2cc(Cl)ccc12,12
4230,No ,[14*]c1noc2ccccc12,12
4231,No ,[1*]C(=O)C([4*])C(C)C,12
4232,No ,[1*]C(=O)CCC[8*],12
4233,No ,[14*]c1n[nH]cc1[16*],12
4234,No ,[16*]c1cc(F)cc2cccnc12,12
4235,No ,[14*]c1ncccc1F,12
4236,No ,[14*]c1nnnn1C,12
4237,No ,[8*]CCC[8*],12
4238,No ,[14*]c1ncnc2sc(C)c(C)c12,12
4239,No ,[12*]S(=O)(=O)c1ccc2c(c1)NC(=O)CO2,12
4240,No ,[14*]c1ccc(Br)s1,12
4241,No ,[8*]CC(F)(F)F,12
4242,No ,[5*]N1Cc2cccc([16*])c2C1,12
4243,No ,[14*]c1cc(C#N)ccn1,12
4244,No ,[5*]N1CCC2CCC(C1)N2[5*],12
4245,No ,[4*]CCC,12
4246,No ,[16*]c1ccncc1Cl,11
4247,No ,[12*]S(=O)(=O)c1cccc(Cl)c1,11
4248,No ,[16*]c1ccc(C)cc1Cl,11
4249,No ,[16*]c1c(C)cc(C)cc1C,11
4250,No ,[14*]c1oc2ccc([16*])cc2c1C,11
4251,No ,[15*]C1CC2CCCC(C1)N2C,11
4252,No ,[14*]c1cc(C)ccn1,11
4253,No ,[16*]c1cccc(Cl)c1C,11
4254,No ,[8*]C(C)(C)O,11
4255,No ,[16*]c1cc(C)oc1C,11
4256,No ,[10*]N1C(=O)C2C3C=CC(C3)C2C1=O,11
4257,No ,[10*]N1C(=O)NC([13*])(C)C1=O,11
4258,No ,[12*]S(=O)(=O)c1cc(C)ccc1C,11
4259,No ,[9*]n1nccc1C,11
4260,No ,[15*]C12CC3CC(C1)CC(O)(C3)C2,11
4261,No ,[15*]C1C([15*])C1(C)C,11
4262,No ,[8*]C([8*])C,11
4263,No ,[7*]C(C)C,11
4264,No ,[5*]N1CCn2c1nc1c2c(=O)n([9*])c(=O)n1C,11
4265,No ,[9*]n1c(C)cn2c3c(=O)[nH]c(=O)n(C)c3nc12,11
4266,No ,[5*]N1CC(O)C1,11
4267,No ,[16*]c1cc(C)sc1C,11
4268,No ,[14*]c1cc2cc(C)ccc2[nH]1,11
4269,No ,[12*]S(=O)(=O)c1cc([16*])ccc1[16*],11
4270,No ,[5*]N1Cc2ccccc2C[C@H]1[13*],11
4271,No ,[16*]c1cccc(Cl)c1F,11
4272,No ,[14*]c1occc1[16*],11
4273,No ,[14*]c1c[nH]c([14*])n1,11
4274,No ,[15*]C1([15*])CCCCC1,11
4275,No ,[15*]C1CCCN(C)C1,11
4276,No ,[5*]N1CCN(C)c2ccccc21,11
4277,No ,[9*]n1nc([14*])c(=O)cc1C,11
4278,No ,[5*]N1CCc2cc(S([12*])(=O)=O)ccc21,11
4279,No ,[14*]c1n[nH]c([14*])n1,11
4280,No ,[15*]C1CC2C=CC1C2,11
4281,No ,[16*]c1cccc(Cl)c1[16*],11
4282,No ,[9*]n1ncc(C)c1[14*],11
4283,No ,[9*]n1cncc1[14*],11
4284,No ,[14*]c1nc2ccccc2nc1C,10
4285,No ,[16*]c1ccc2ncsc2c1,10
4286,No ,[8*]C(CC)CC,10
4287,No ,[16*]c1ccc(Br)cc1[16*],10
4288,No ,[14*]c1cnco1,10
4289,No ,[5*]N1CCOC(C)(C)C1,10
4290,No ,[5*]N1CCCSc2ccccc21,10
4291,No ,[14*]c1cc([14*])nc(C)n1,10
4292,No ,[14*]c1nc(C)ccc1[16*],10
4293,No ,[14*]c1nc2scc([16*])c2c(=O)[nH]1,10
4294,No ,[16*]c1cccc2c(C)c(C)[nH]c12,10
4295,No ,[4*]C([8*])(C)C,10
4296,No ,[16*]c1coc2c(C)c(C)ccc12,10
4297,No ,[5*]N1CCC[C@H]1[13*],10
4298,No ,[16*]c1ccc2[nH]cnc2c1,10
4299,No ,[5*]N1CCOCC1[13*],10
4300,No ,[16*]c1cc(F)cc2[nH]cnc12,10
4301,No ,[1*]C(=O)CN1C(=O)C(C)Oc2ccccc21,10
4302,No ,[15*]C12CC3CC(C1)CC([15*])(C3)C2,10
4303,No ,[16*]c1cncc(Br)c1,10
4304,No ,[15*]C1C2CC3CC(C2)CC1C3,10
4305,No ,[4*]C1([15*])CCCC1,10
4306,No ,[5*]N1CCc2ccc([16*])cc2C1,10
4307,No ,[15*]C1CCCC(C)C1C,10
4308,No ,[14*]c1[nH]c2ccccc2c1[16*],10
4309,No ,[14*]c1nnc([14*])n1N,10
4310,No ,[14*]c1sc(C)nc1C,10
4311,No ,[12*]S(=O)(=O)c1ccc2c(c1)CCCC2,10
4312,No ,[1*]C(=O)C([8*])[8*],10
4313,No ,[16*]c1coc2cc(C)ccc12,10
4314,No ,[10*]N1C(=O)NC(C)(C)C1=O,10
4315,No ,[16*]c1c[nH]c2ncccc12,10
4316,No ,[16*]c1cccc(F)c1C#N,10
4317,No ,[14*]c1ccc2nnnn2n1,10
4318,No ,[16*]c1cc(F)c(F)c(F)c1,10
4319,No ,[14*]c1nc([14*])c(C)[nH]1,10
4320,No ,[14*]c1cc2c(s1)CCC2,10
4321,No ,[13*]C1OCCCC1[15*],10
4322,No ,[9*]n1nc([14*])c2ccccc2c1=O,9
4323,No ,[14*]c1ncoc1[14*],9
4324,No ,[5*]N1CCC2CCCCC2C1,9
4325,No ,[14*]c1nnsc1Cl,9
4326,No ,[4*]C(C)C[8*],9
4327,No ,[5*]N1c2ccccc2C[C@H]1[13*],9
4328,No ,[9*]n1cc([16*])cc(Cl)c1=O,9
4329,No ,[16*]c1ccc2cc[nH]c2c1,9
4330,No ,[13*]C1CCCN1C,9
4331,No ,[5*]N1CCCc2c(F)cc(F)cc21,9
4332,No ,[14*]c1cc(C)nn1C,9
4333,No ,[16*]c1ccc(Br)c([16*])c1,9
4334,No ,[14*]c1ncc(C)s1,9
4335,No ,[14*]c1ncc[nH]1,9
4336,No ,[1*]C(=O)CC(C)C,9
4337,No ,[14*]c1cnnn1C,9
4338,No ,[16*]c1cc(Br)ccc1O,9
4339,No ,[16*]c1ccncc1F,9
4340,No ,[15*]C1CCC([15*])C1,9
4341,No ,[16*]c1ccc([16*])c(Br)c1,9
4342,No ,[14*]c1ncc(Cl)cc1Cl,9
4343,No ,[8*]CC(=O)O,9
4344,No ,[16*]c1csc2c1CCC(C)C2,9
4345,No ,[10*]N1C(=O)C2CC=CCC2C1=O,9
4346,No ,[15*]C1([15*])CCOCC1,9
4347,No ,[5*]N1CC(O)CC1[13*],9
4348,No ,[14*]c1nc2c(C)cccc2s1,9
4349,No ,[16*]c1ccc(C)cc1Br,9
4350,No ,[14*]c1nn(C)c(=O)c2ccccc12,9
4351,No ,[9*]n1nnnc1C,9
4352,No ,[16*]c1ccc(C#N)c(Cl)c1,9
4353,No ,[14*]c1ccnc(C)n1,9
4354,No ,[13*]C1CCC(=O)N1,9
4355,No ,[4*]CCC(N)=O,9
4356,No ,[14*]c1cc(=O)n2cc(Cl)ccc2n1,9
4357,No ,[10*]N1CCCNC1=O,9
4358,No ,[14*]c1cc2c(C)cc(C)cc2[nH]1,9
4359,No ,[15*]C1CC([15*])C1,9
4360,No ,[14*]c1onc(C)c1[16*],9
4361,No ,[14*]c1n[nH]c(=O)c2ccccc12,9
4362,No ,[15*]C1CCc2nccn2C1,9
4363,No ,[16*]c1cnn(C)c1C,9
4364,No ,[9*]n1c(C)nc2cc([16*])ccc21,9
4365,No ,[12*]S(=O)(=O)c1cccc2cc(C)cnc12,9
4366,No ,[14*]c1nccc(C)n1,9
4367,No ,[16*]c1cccnc1O,9
4368,No ,[9*]n1cccc([16*])c1=O,9
4369,No ,[8*]CCCO,9
4370,No ,[14*]c1nc2ccccn2c1[14*],9
4371,No ,[4*]C([8*])CC,9
4372,No ,[16*]c1ccc2[nH]c3c(c2c1)CCCCC3,9
4373,No ,[16*]c1cc2ccc(F)cc2nc1C,9
4374,No ,[16*]c1cccc2c1OC(C)(C)C2,9
4375,No ,[10*]N1C(=O)NC([13*])C1=O,9
4376,No ,[14*]c1nc(C)cc(C)n1,9
4377,No ,[14*]c1ccon1,8
4378,No ,[5*]N1CCS(=O)(=O)C(C)(C)C1,8
4379,No ,[15*]C1C2CCCC12,8
4380,No ,[8*]CCC(N)=O,8
4381,No ,[16*]c1cc([16*])c(F)cc1F,8
4382,No ,[14*]c1nc2c(c(=O)[nH]c(=O)n2C)n1C,8
4383,No ,[5*]N1CCC([15*])C(C)C1,8
4384,No ,[14*]c1nc(C)c2ccccc2n1,8
4385,No ,[1*]C(=O)C([1*])=O,8
4386,No ,[16*]c1c[nH]c2ccccc2c1=O,8
4387,No ,[12*]S(=O)(=O)c1cccnc1,8
4388,No ,[5*]N1CC=CC1,8
4389,No ,[1*]C(=O)CC([8*])[8*],8
4390,No ,[5*]N1c2ccccc2NC(=O)CC1C,8
4391,No ,[14*]c1nc(C)c(C)o1,8
4392,No ,[16*]c1cnn2c(C)cc(C)nc12,8
4393,No ,[14*]c1ncccc1O,8
4394,No ,[14*]c1nc2ncccn2n1,8
4395,No ,[15*]C1CC(C)(C)OC1(C)C,8
4396,No ,[9*]n1c([14*])noc1=O,8
4397,No ,[16*]c1ccc(Br)cc1F,8
4398,No ,[4*]CC(=C)C,8
4399,No ,[14*]c1occc1C,8
4400,No ,[13*]C1COCCO1,8
4401,No ,[14*]c1nncc2ccccc12,8
4402,No ,[15*]C1CCCCCC1[15*],8
4403,No ,[9*]n1cnnc1,8
4404,No ,[9*]n1c(=O)n(C2=CCCCC2)c2ccccc21,8
4405,No ,[1*]C(=O)CC([8*])C,8
4406,No ,[5*]N1CCc2c([16*])cccc2C1,8
4407,No ,[5*]N1CC=C(c2c[nH]c3c([16*])cccc23)CC1,8
4408,No ,[12*]S(=O)(=O)c1cc(F)cc(F)c1,8
4409,No ,[14*]c1nc(C)sc1[14*],8
4410,No ,[4*]CC([4*])(C)C,8
4411,No ,[15*]C1C2CCOC2C1(C)C,8
4412,No ,[4*]CCC(C)C,8
4413,No ,[5*]N1CCOCC1(C)C,8
4414,No ,[8*]CS([12*])(=O)=O,8
4415,No ,[4*]C(CC)CO,8
4416,No ,[16*]c1cc(C)ccc1F,8
4417,No ,[5*]N1C(C)CCCC1C,8
4418,No ,[9*]n1c([14*])nc2c(F)cccc21,8
4419,No ,[16*]c1cc(Cl)c2c(c1)OCCCO2,8
4420,No ,[14*]c1cc2ccc(Br)cc2[nH]1,8
4421,No ,[16*]c1cccc(F)c1[16*],8
4422,No ,[16*]c1ccc2c(c1)COC2,8
4423,No ,[14*]c1nc2c(s1)CCC2,8
4424,No ,[9*]n1nc(C)nc1C,8
4425,No ,[16*]c1cccnc1C,8
4426,No ,[14*]c1cn2cccnc2n1,8
4427,No ,[16*]c1cc(Cl)ccc1C#N,8
4428,No ,[14*]c1cc[nH]n1,8
4429,No ,[9*]n1cnc2c(cnn2[9*])c1=O,8
4430,No ,[14*]c1cc2c(F)cccc2[nH]1,8
4431,No ,[9*]n1[nH]c([14*])cc1=O,8
4432,No ,[16*]c1ccc2nc(C)c([16*])cc2c1,8
4433,No ,[10*]N1CCCCCC1=O,8
4434,No ,[5*]N1CC=C(c2c([16*])cc([16*])cc2[16*])CC1,8
4435,No ,[16*]c1ccc(Cl)c2cccnc12,8
4436,No ,[16*]c1cc(F)c(F)cc1Cl,8
4437,No ,[9*]n1cc(C)c([14*])n1,7
4438,No ,[5*]N1CCC1,7
4439,No ,[14*]c1ccc2nnc([14*])n2n1,7
4440,No ,[15*]C1Cc2ccccc2NC1=O,7
4441,No ,[16*]c1ccc(S(N)(=O)=O)cc1[16*],7
4442,No ,[16*]c1cccc2c1OCC(=O)N2,7
4443,No ,[14*]c1nnc(C)n1C,7
4444,No ,[5*]N1CCOCC1C,7
4445,No ,[16*]c1c[nH]c2c([16*])cccc12,7
4446,No ,[14*]c1nccc2occc12,7
4447,No ,[4*]CC(O)C[4*],7
4448,No ,[5*]NC1CCCn2nc([14*])nc21,7
4449,No ,[15*]C1CCCCC1O,7
4450,No ,[14*]c1ccc(C)n1C,7
4451,No ,[12*]S(=O)(=O)c1cccc(F)c1,7
4452,No ,[10*]N1C(=O)CC2(CCCCC2)C1=O,7
4453,No ,[1*]C(=O)C([4*])C[8*],7
4454,No ,[9*]n1ncc2ccc([16*])cc21,7
4455,No ,[9*]n1cc(Br)cn1,7
4456,No ,[5*]N1CC2CC3CC(C2)CC1C3,7
4457,No ,[16*]c1ccc(O)cc1O,7
4458,No ,[9*]n1c(=O)sc2ccccc21,7
4459,No ,[14*]c1cc2ccc(Cl)cc2[nH]1,7
4460,No ,[14*]c1nc2c(C)cc(C)cc2s1,7
4461,No ,[14*]c1nnc(C)s1,7
4462,No ,[5*]N1Cc2ccccc2C(c2ccccc2)C1,7
4463,No ,[16*]c1ccc(C)cc1F,7
4464,No ,[14*]c1nnc(C)o1,7
4465,No ,[14*]c1sc2ccccc2c1C,7
4466,No ,[5*]N1CC(C)(C)C1(C)C,7
4467,No ,[16*]c1cc(Cl)cc2cccnc12,7
4468,No ,[16*]c1ccc2c([16*])coc2c1,7
4469,No ,[9*]n1nc(C)c2cc([16*])cnc21,7
4470,No ,[14*]c1nc2ccc(Cl)cc2s1,7
4471,No ,[9*]n1c(C)cc2ccccc21,7
4472,No ,[5*]N1c2ccccc2C(C(N)=O)CC1C,7
4473,No ,[14*]c1nc(N)c2cc([16*])c([16*])cc2n1,7
4474,No ,[14*]c1cc(C)n(C)n1,7
4475,No ,[14*]c1c(C#N)c(=O)n(C)c(=O)n1C,7
4476,No ,[8*]CS(=O)(=O)c1nccn1[9*],7
4477,No ,[12*]S(=O)(=O)c1ccc(C)cc1C,7
4478,No ,[9*]n1ncc2ccccc2c1=O,7
4479,No ,[14*]c1nccnc1C#N,7
4480,No ,[9*]n1cnc(C#N)n1,7
4481,No ,[9*]n1cc(S([12*])(=O)=O)cn1,7
4482,No ,[5*]N1CCSc2ccccc21,7
4483,No ,[5*]NC1CCCc2c1cnn2C,7
4484,No ,[16*]c1cccc2c1C(=O)NC2,7
4485,No ,[14*]c1nc(C)nc2scc([16*])c12,7
4486,No ,[15*][C@@H]1C=C[C@H]([15*])C1,7
4487,No ,[9*]n1cnc(C#N)c1C#N,7
4488,No ,[14*]c1nc2c([nH]1)c(=O)n(C)c(=O)n2C,7
4489,No ,[5*]N1CC2CCC1C2,7
4490,No ,[9*]n1c(C)nc2ccccc21,7
4491,No ,[14*]c1ccc2ccc(Cl)cc2n1,7
4492,No ,[16*]c1ccc([N+](=O)[O-])cc1,7
4493,No ,[4*]CC([4*])C,7
4494,No ,[9*]n1c(=O)oc2cccnc21,7
4495,No ,[4*]C1([15*])CC1,7
4496,No ,[4*]C([8*])C[8*],7
4497,No ,[9*]n1cc(C#N)c(=O)n([9*])c1=O,7
4498,No ,[16*]c1cc([16*])c(F)cc1[16*],7
4499,No ,[9*]n1cnc2c([14*])ncnc21,7
4500,No ,[16*]c1cnn2cccnc12,7
4501,No ,[14*]c1cc2cc(F)ccc2s1,7
4502,No ,[5*]N1CC(C)OC(C)(C)C1,7
4503,No ,[5*]N1CCC1[13*],7
4504,No ,[16*]c1ccc([16*])c([N+](=O)[O-])c1,7
4505,No ,[16*]c1ccc2ccccc2c1,7
4506,No ,[15*]C1CC=CCC1,7
4507,No ,[14*]c1cnc2cnccn12,7
4508,No ,[5*]N1CC[C@H](N)C1,7
4509,No ,[14*]c1oc2ccccc2c1[16*],7
4510,No ,[14*]c1c(Cl)c2ccccc2n1C,7
4511,No ,[5*]N1CC([13*])OC(C)C1,7
4512,No ,[14*]c1nc2c(C)ccc(C)c2s1,7
4513,No ,[5*]N1CCC2(CCCCC2)C1,6
4514,No ,[5*]N1CCSc2ccc(Cl)cc21,6
4515,No ,[1*]C(=O)C(C)CC,6
4516,No ,[14*]c1nc([14*])n2c1CCCCC2,6
4517,No ,[15*]C1CCCNC1=O,6
4518,No ,[16*]c1c[nH]c2ccc(F)cc12,6
4519,No ,[16*]c1cc(S(C)(=O)=O)ccc1C,6
4520,No ,[14*]c1nc2cc([16*])ccc2[nH]1,6
4521,No ,[12*]S(=O)(=O)c1ccccc1F,6
4522,No ,[9*]n1c([14*])c(C#N)c(C)c1C,6
4523,No ,[16*]c1ccc(F)c(C)c1,6
4524,No ,[14*]c1nccc2sccc12,6
4525,No ,[5*]N1CCS(=O)(=O)C(C)C1,6
4526,No ,[5*]N1C([13*])CC2CCCCC21,6
4527,No ,[13*][C@H]1CCC(=O)N1,6
4528,No ,[1*]C(=O)C([8*])CC,6
4529,No ,[12*]S(=O)(=O)c1c(C)cc(C)cc1C,6
4530,No ,[14*]c1ncsc1[14*],6
4531,No ,[5*]N1CCNC(=O)C1(C)C,6
4532,No ,[14*]c1ccc[nH]1,6
4533,No ,[14*]c1cc(Br)cs1,6
4534,No ,[14*]c1ccc(Cl)o1,6
4535,No ,[14*]c1nc2ccc(C)cc2s1,6
4536,No ,[9*]n1c(C)c([16*])c2cc([16*])ccc21,6
4537,No ,[14*]c1cc2ccccc2c(=O)[nH]1,6
4538,No ,[16*]c1cc(C#N)ccc1F,6
4539,No ,[14*]c1nc2cc([16*])ccc2o1,6
4540,No ,[16*]c1ccc2nc3n(c(=O)c2c1)CCC3,6
4541,No ,[15*]C1CC2CCC1O2,6
4542,No ,[16*]c1ccc(O)c([16*])c1,6
4543,No ,[6*]C(=O)n1nc(N)c2ccccc21,6
4544,No ,[15*]C1CCCC1[15*],6
4545,No ,[14*]c1cc2c(Cl)c(Cl)ccc2[nH]1,6
4546,No ,[15*]C1(O)CCCCC1,6
4547,No ,[9*]n1cnc2cc(C)c(C)cc21,6
4548,No ,[15*]C1CC=CC1,6
4549,No ,[8*]CCCC,6
4550,No ,[10*]N1C(=O)NC([13*])([13*])C1=O,6
4551,No ,[9*]n1nnc2cc([16*])ccc21,6
4552,No ,[16*]c1ccc2[nH]c3c(c2c1)CC(C)CC3,6
4553,No ,[14*]c1ncc(Cl)c([14*])n1,6
4554,No ,[5*]N1CC[C@@H](N)C1,6
4555,No ,[5*]N1CCN(S(=O)(=O)N(C)C)CC1,6
4556,No ,[16*]c1cccc(F)c1F,6
4557,No ,[16*]c1ccccc1S(C)(=O)=O,6
4558,No ,[14*]c1nc2ccc(F)cc2s1,6
4559,No ,[16*]c1cc([16*])c([16*])c(Cl)c1,6
4560,No ,[5*]N1CCCC(C)CC1,6
4561,No ,[15*]C1CNC(=O)C1,6
4562,No ,[4*]CC([8*])C,6
4563,No ,[9*]n1cnnc1C,6
4564,No ,[14*]c1cc([14*])n2ncnc2n1,6
4565,No ,[9*]n1c(=O)cnc2ccccc21,6
4566,No ,[14*]c1cc([16*])c(C)s1,6
4567,No ,[16*]c1cc(F)c(Cl)cc1Cl,6
4568,No ,[14*]c1ncnn1C,6
4569,No ,[16*]c1ccccc1I,6
4570,No ,[16*]c1ccc(Cl)c(C#N)c1,6
4571,No ,[9*]n1c([14*])nc2cc(Cl)ccc21,6
4572,No ,[16*]c1ccc(Cl)c(F)c1,6
4573,No ,[16*]c1cnc2c(c1)ncn2C,6
4574,No ,[16*]c1cc(F)ccc1Br,6
4575,No ,[16*]c1cc([16*])cc(C)c1,6
4576,No ,[14*]c1nc([14*])c(C)c(C)n1,6
4577,No ,[14*]c1ccc2nccnc2n1,6
4578,No ,[15*]C1C2CCCCC12,6
4579,No ,[14*]c1nc(C)c(C)s1,6
4580,No ,[14*]c1cn2cc(C)ccc2n1,6
4581,No ,[9*]n1cnc2c(C)cccc2c1=O,6
4582,No ,[9*]n1nc(C)c(C)c(C#N)c1=O,6
4583,No ,[4*]CCCO,6
4584,No ,[14*]c1cc2cccc([16*])c2o1,6
4585,No ,[5*]N1CCn2c([14*])nnc2C1,6
4586,No ,[16*]c1ccn(C)c(=O)c1,6
4587,No ,[14*]c1nc2ccccc2nc1[14*],6
4588,No ,[9*]n1ncc2ccccc21,6
4589,No ,[15*]C1CC(=O)N(C)C1,6
4590,No ,[4*]CC(C)(C)O,6
4591,No ,[14*]c1nc2ccccn2c1[N+](=O)[O-],6
4592,No ,[14*]c1nnc2n1CC([15*])CC2,6
4593,No ,[13*]C1CC([15*])CCO1,6
4594,No ,[15*]C1C2C3CCC(C3)C12,6
4595,No ,[14*]c1cc(=O)n2c(C)csc2n1,6
4596,No ,[15*]C1CCN(C)C1=O,6
4597,No ,[1*]C(=O)C([4*])(C)C,6
4598,No ,[14*]c1cn2cc(Cl)cc(Cl)c2n1,6
4599,No ,[14*]c1cc2cc(C)ccc2o1,6
4600,No ,[14*]c1ccc(Br)cn1,6
4601,No ,[5*]NC1CCC(C)(C)c2ccccc21,6
4602,No ,[16*]c1ccc(F)c(C#N)c1,6
4603,No ,[5*]N1CCCc2cccc([16*])c21,6
4604,No ,[5*]N1CC([15*])CC1C,6
4605,No ,[16*]c1ccccc1N,6
4606,No ,[5*]N1CCCN2CCCC2C1,6
4607,No ,[14*]c1nc2ccc([16*])cc2[nH]1,6
4608,No ,[9*]n1c(=O)[nH]c(=O)c2c1nc([14*])n2C,6
4609,No ,[14*]c1nccn2cnnc12,6
4610,No ,[14*]c1cnc2ccccn12,6
4611,No ,[5*]N1CCC(N)C1,6
4612,No ,[5*]N1CCc2sccc2C1C,6
4613,No ,[15*]C1CC2CCC(C1)N2,6
4614,No ,[14*]c1cc2cc([16*])ccc2[nH]1,6
4615,No ,[14*]c1cc2c(C)cc(C)c(C)c2[nH]1,5
4616,No ,[14*]c1ncnc2[nH]ncc12,5
4617,No ,[9*]n1cc([N+](=O)[O-])ccc1=O,5
4618,No ,[13*][C@H]1[C@H]([15*])CCN1C,5
4619,No ,[16*]c1ccc(Cl)c2ncccc12,5
4620,No ,[14*]c1nc(C)n2c1CCCC2,5
4621,No ,[16*]c1ccc2nccnc2c1,5
4622,No ,[16*]c1c2c(nc3ccccc13)CCC2,5
4623,No ,[5*]N1CC(C)C([15*])C(C)C1,5
4624,No ,[9*]n1c(C)nc2ccccc2c1=O,5
4625,No ,[14*]c1nccn(C)c1=O,5
4626,No ,[14*]c1nnsc1[14*],5
4627,No ,[14*]c1cnc2ccc(C)cn12,5
4628,No ,[12*]S(=O)(=O)c1ccc([16*])c(C)c1,5
4629,No ,[8*]CN1C(=O)C(C)CNc2ccccc21,5
4630,No ,[13*][C@H]1OCC[C@@H]1[15*],5
4631,No ,[16*]c1ccc(F)c2cccnc12,5
4632,No ,[5*]N1CC[C@@H](O)C1,5
4633,No ,[5*]N1C[C@@H](O)C[C@@H]1[13*],5
4634,No ,[16*]c1ccc(C)nc1C,5
4635,No ,[9*]n1nc2cnccn2c1=O,5
4636,No ,[14*]c1cc([16*])c[nH]1,5
4637,No ,[8*]C([8*])CC,5
4638,No ,[14*]c1cc(C#N)c([14*])s1,5
4639,No ,[15*]C1CCOC(C)C1,5
4640,No ,[16*]c1cc2ccccn2c1,5
4641,No ,[14*]c1cn2cc(Br)ccc2n1,5
4642,No ,[14*]c1cc2ccccc2c([14*])n1,5
4643,No ,[5*]N(C)C[8*],5
4644,No ,[16*]c1cccc2ccccc12,5
4645,No ,[16*]c1c(C)nc2ccccc2c1[16*],5
4646,No ,[14*]c1[nH]c2ccc(F)cc2c1[16*],5
4647,No ,[5*]N1CCCC([15*])CC1,5
4648,No ,[12*]S(=O)(=O)c1ccc2c(c1)OCCO2,5
4649,No ,[16*]c1cc(Cl)c2c(c1)OCCO2,5
4650,No ,[5*]N1c2ccccc2NC(=O)C1(C)C,5
4651,No ,[5*]N1CCC(N)CC1,5
4652,No ,[16*]c1cc(F)c(F)cc1F,5
4653,No ,[16*]c1cc2cc(C)ccc2nc1C,5
4654,No ,[16*]c1ccc2nc(C)cn2c1,5
4655,No ,[9*]n1ncc([14*])n1,5
4656,No ,[14*]c1ncn(C)n1,5
4657,No ,[5*]N1c2ccccc2OCC1C,5
4658,No ,[16*]c1ccc([16*])c(C#N)c1,5
4659,No ,[15*]C1CCc2nnc(C)n2C1,5
4660,No ,[14*]c1ccnc2ccnn12,5
4661,No ,[5*]N1CCCc2cc(C)ccc21,5
4662,No ,[5*]N1CC(C)c2ccccc21,5
4663,No ,[13*]C1Cc2cc(Cl)ccc2O1,5
4664,No ,[3*]On1nnc2ccc(Cl)cc21,5
4665,No ,[16*]c1cn(C)c(=O)n(C)c1=O,5
4666,No ,[16*]c1cc(Cl)cc2c1OCOC2,5
4667,No ,[5*]N1CC(=O)Nc2cc([16*])ccc21,5
4668,No ,[16*]c1cccn(C)c1=O,5
4669,No ,[14*]c1cc(=O)n2cc(C)ccc2n1,5
4670,No ,[5*]N1CCCc2cc(F)c(F)cc21,5
4671,No ,[14*]c1nnc2sc3ccccc3n12,5
4672,No ,[5*]N1CC=C(c2c[nH]c3cccc(C)c23)CC1,5
4673,No ,[1*]C(=O)C(CC)CC,5
4674,No ,[16*]c1cccc(F)c1C,5
4675,No ,[5*]N1CCC([15*])C1[13*],5
4676,No ,[14*]c1ncn(C)c1[14*],5
4677,No ,[16*]c1c[nH]c(=O)c(C)c1,5
4678,No ,[4*]CCC[4*],5
4679,No ,[5*]N1CCN([10*])C(=O)C1,5
4680,No ,[16*]c1cc(F)cc2c1OCOC2,5
4681,No ,[16*]c1cc2ccc(C)cc2nc1C,5
4682,No ,[14*]c1cc(Cl)ccn1,5
4683,No ,[6*]C([6*])=O,5
4684,No ,[16*]c1ccc2c(c1)C(=O)NC2,5
4685,No ,[16*]c1cccc([N+](=O)[O-])c1C,5
4686,No ,[14*]c1cccnn1,5
4687,No ,[14*]c1csnn1,5
4688,No ,[5*]N1CCCN([5*])c2ccccc21,5
4689,No ,[16*]c1ccc(F)cc1C#N,5
4690,No ,[5*]N1CCCN(C)c2ccc(F)cc21,5
4691,No ,[9*]n1ccc2ccc([16*])cc21,5
4692,No ,[16*]c1ccc2cc([16*])c(C)nc2c1,5
4693,No ,[16*]c1cnc2ccc(F)cc2c1,5
4694,No ,[5*]N1CCCC(C)C1[13*],5
4695,No ,[9*]n1ccc([N+](=O)[O-])n1,5
4696,No ,[5*]N1CCC(C)c2ccccc21,5
4697,No ,[9*]n1nc([14*])c2c1CCCC2,5
4698,No ,[14*]c1[nH]c2ccc(F)cc2c1Cl,5
4699,No ,[12*]S(=O)(=O)c1ccccc1Cl,5
4700,No ,[16*]c1cnc2[nH]nc(C)c2c1,5
4701,No ,[14*]c1nc2cc(Cl)ccc2n1C,5
4702,No ,[9*]n1ccccc1=O,5
4703,No ,[14*]c1ccnc2c([16*])cnn12,5
4704,No ,[5*]N1C(C)CCC1C,5
4705,No ,[16*]c1ccc2nncn2c1,5
4706,No ,[16*]c1cc2c([16*])cc(=O)oc2cc1O,5
4707,No ,[16*]c1cc(C)nc2cc(F)ccc12,5
4708,No ,[14*]c1cc([16*])cn1C,5
4709,No ,[5*]N1CCc2ccc(F)cc21,5
4710,No ,[14*]c1sc2cc(F)ccc2c1Cl,5
4711,No ,[16*]c1cc(O)cc(O)c1,5
4712,No ,[8*]CS(=O)C([8*])C,5
4713,No ,[16*]c1c(C)nc2ccccc2c1C,5
4714,No ,[16*]c1cc([16*])c([16*])c(Br)c1,5
4715,No ,[5*]N1CCc2c(ncn2[9*])C1,5
4716,No ,[14*]c1ccn[nH]1,5
4717,No ,[13*]C1Oc2ccccc2OC1C,5
4718,No ,[5*]N1CCCc2cccc(F)c21,5
4719,No ,[4*]C(CC)C(N)=O,5
4720,No ,[9*]n1cnc2ccc(Br)cc2c1=O,5
4721,No ,[16*]c1ccc2c(c1)Cc1ccccc1-2,5
4722,No ,[15*]C1CCc2ccccc2NC1=O,4
4723,No ,[14*]c1cc([14*])sn1,4
4724,No ,[4*]C(C)CO,4
4725,No ,[9*]n1cc([16*])c(=O)c2cc(Cl)ccc21,4
4726,No ,[14*]c1ncc(Cl)cn1,4
4727,No ,[14*]c1nc2c(F)cccc2[nH]1,4
4728,No ,[5*]N1CC=C(c2ccc([16*])cc2)CC1,4
4729,No ,[5*]N1CC2CN3CCCCC3C2C1,4
4730,No ,[1*]C(=O)CCN1C(=O)C(C)Oc2ccccc21,4
4731,No ,[9*]n1cccc(C)c1=O,4
4732,No ,[16*]c1c(C)c(C)nc2ccccc12,4
4733,No ,[4*]C(C)(C)C(N)=O,4
4734,No ,[3*]On1nnc2ccccc21,4
4735,No ,[5*]N1CC(C)OCC1(C)C,4
4736,No ,[14*]c1ncnc2ccc(F)cc12,4
4737,No ,[14*]c1cc([16*])c2c(C)noc2n1,4
4738,No ,[14*]c1sc2ncnc([14*])c2c1C,4
4739,No ,[16*]c1ccc(Br)cc1C,4
4740,No ,[15*]C1CCN2CCCC2C1,4
4741,No ,[5*]N1CCS(=O)C(C)(C)C1,4
4742,No ,[14*]c1nnc2nc(C)cc(C)n12,4
4743,No ,[14*]c1ccc2cc(Br)ccc2n1,4
4744,No ,[4*]CC1CCCc2ccccc21,4
4745,No ,[5*]N1CCOc2cc(F)ccc21,4
4746,No ,[14*]c1cc(=O)n2ccccc2n1,4
4747,No ,[5*]N1CCN(C)c2ccc(F)cc21,4
4748,No ,[14*]c1ncnc2cc(F)c(F)cc12,4
4749,No ,[13*]C1(C)NC(=O)NC1=O,4
4750,No ,[12*]S(=O)(=O)c1cccc(C)c1,4
4751,No ,[4*]C1(C)CC([15*])C1(C)C,4
4752,No ,[16*]c1cccc(O)c1,4
4753,No ,[16*]c1cscc1C,4
4754,No ,[1*]C(=O)C1COc2ccccc21,4
4755,No ,[13*]C1CN(C)CCO1,4
4756,No ,[9*]n1c([N+](=O)[O-])cnc1C,4
4757,No ,[9*]n1ccnc1S(C)(=O)=O,4
4758,No ,[14*]c1nc2cc(F)ccc2n1C,4
4759,No ,[16*]c1cccc([16*])c1F,4
4760,No ,[15*]C1CCc2[nH]ncc2C1,4
4761,No ,[5*]N1CC2(CC2)c2ccccc21,4
4762,No ,[15*]C1CC([15*])(C)C1(C)C,4
4763,No ,[14*]c1ncc(Br)cc1C,4
4764,No ,[15*]C1CCCOC1,4
4765,No ,[14*]c1ccc(=O)[nH]n1,4
4766,No ,[8*]CN1C(=O)CC(C)Nc2ccccc21,4
4767,No ,[15*]C1CC([15*])C12CCC2,4
4768,No ,[14*]c1cc(=O)n2cccc(C)c2n1,4
4769,No ,[14*]c1cc(=O)c(O)co1,4
4770,No ,[14*]c1c([16*])c(C)nn1C,4
4771,No ,[16*]c1ccnc2ccccc12,4
4772,No ,[14*]c1ncc(C)cc1[16*],4
4773,No ,[5*]N1CCC(C)(C)C1,4
4774,No ,[14*]c1ccc2ccc(F)cc2n1,4
4775,No ,[15*]C1CC(=O)NC1=O,4
4776,No ,[8*]CS(=O)(=O)c1ccc(C)cc1,4
4777,No ,[4*]CC(O)CC,4
4778,No ,[9*]n1cc(F)ccc1=O,4
4779,No ,[16*]c1c(F)cc(C#N)cc1F,4
4780,No ,[5*]N1CCC2(CCNCC2)CC1,4
4781,No ,[14*]c1ncnc([14*])c1[16*],4
4782,No ,[10*]N1CCCCCCC1=O,4
4783,No ,[16*]c1cc(Cl)c(Cl)cc1Cl,4
4784,No ,[16*]c1cncc(F)c1,4
4785,No ,[14*]c1cc([14*])n2nc(C)c([16*])c2n1,4
4786,No ,[5*]N1CCC2(CC1)C([15*])CC2O,4
4787,No ,[14*]c1nc2c(C)cccc2c(=O)[nH]1,4
4788,No ,[16*]c1cc(Br)cc2c1OCC2,4
4789,No ,[5*]NC1CCc2cc(F)ccc21,4
4790,No ,[16*]c1ccc2c(c1)nc1n2CCCCC1,4
4791,No ,[5*]N1CCN2C(=O)NCC2C1,4
4792,No ,[14*]c1nccc(N)n1,4
4793,No ,[5*]N1CCN2CCCC2C1,4
4794,No ,[16*]c1cc(C)ccc1O,4
4795,No ,[16*]c1ccc([16*])c([16*])c1[16*],4
4796,No ,[16*]c1ccc2[nH]nnc2c1,4
4797,No ,[14*]c1noc2ncc([16*])cc12,4
4798,No ,[4*]C([8*])C(C)C,4
4799,No ,[16*]c1cncc(C)c1,4
4800,No ,[5*]N1CCc2sccc2C1CC,4
4801,No ,[14*]c1cncs1,4
4802,No ,[14*]c1nc2ccc(F)cc2n1C,4
4803,No ,[16*]c1cc([16*])c(C)c(F)c1,4
4804,No ,[14*]c1ncon1,4
4805,No ,[16*]c1c(C)[nH]c2ccc(F)cc12,4
4806,No ,[16*]c1cccc2c1OC(C)C2C,4
4807,No ,[8*]CS(=O)(=O)c1nnc([14*])n1[9*],4
4808,No ,[9*]n1ccc2ccccc21,4
4809,No ,[14*]c1cnc2c(C)cccn12,4
4810,No ,[5*]N1CCN(C)c2cc(F)ccc21,4
4811,No ,[5*]N1CCCc2cc(F)cc(F)c21,4
4812,No ,[5*]N([5*])C#N,4
4813,No ,[14*]c1nc2ccc([16*])cc2o1,4
4814,No ,[14*]c1[nH]nc(C)c1Br,4
4815,No ,[16*]c1cc(F)c([16*])cc1F,4
4816,No ,[5*]N1CC2CCCC2C1,4
4817,No ,[16*]c1c(N)n(C)c2ccccc2c1=O,4
4818,No ,[10*]N1C(=O)c2ccccc2OC(C)C1=O,4
4819,No ,[16*]c1cccc2c1ccn2C,4
4820,No ,[16*]c1ccc(C)c2ncccc12,4
4821,No ,[5*]N1CCCc2cc(Cl)ccc21,4
4822,No ,[16*]c1ccc2c(c1)CCNCC2,4
4823,No ,[16*]c1c(C)cccc1Cl,4
4824,No ,[5*]N1CCCC2(CCCCCC2)C1,4
4825,No ,[14*]c1nnc([14*])c2ccccc12,4
4826,No ,[12*]S(=O)(=O)c1cc(C)c(C)cc1C,4
4827,No ,[9*]n1ccc(=O)c2sccc21,4
4828,No ,[5*]N1CC(=O)NC2CCCCC21,4
4829,No ,[5*]N1CCC(C)C1,4
4830,No ,[5*]N1CCc2cnccc21,4
4831,No ,[9*]n1cnc2ccc(C)cc2c1=O,4
4832,No ,[15*]C1CC2CC1C1CCCC21,4
4833,No ,[14*]c1nc2cc(Cl)ccc2s1,4
4834,No ,[12*]S(=O)(=O)c1ccc(C)s1,4
4835,No ,[15*]C1CCCC(C)C1,4
4836,No ,[9*]n1c([14*])nc2ccccc2c1=O,4
4837,No ,[14*]c1cc(=O)n2ccsc2n1,4
4838,No ,[14*]c1ncc([16*])c(N)n1,4
4839,No ,[14*]c1nc2ccsc2c(=O)[nH]1,4
4840,No ,[16*]c1ccc(Br)c(C)c1,4
4841,No ,[16*]c1ccc(Br)cc1Cl,4
4842,No ,[9*]n1nc(C)c(Cl)c1C,4
4843,No ,[16*]c1ccc2nc(C)ccc2c1,4
4844,No ,[14*]c1nc2sccn2c1[14*],4
4845,No ,[9*]n1c([14*])cnc1[14*],4
4846,No ,[12*]S(=O)(=O)c1ccc(C)cc1Cl,4
4847,No ,[14*]c1ncc2ccccn12,4
4848,No ,[16*]c1cccc2c3c([nH]c12)CCCCC3,4
4849,No ,[14*]c1nnc2n1CCCC2,4
4850,No ,[14*]c1cc2ncnc([14*])c2s1,4
4851,No ,[16*]c1cccc2cn[nH]c12,4
4852,No ,[14*]c1ncc(C)c([16*])c1C,4
4853,No ,[16*]c1cc(Cl)c2c(c1)OCO2,4
4854,No ,[8*]CS(=O)c1cccc([16*])c1,3
4855,No ,[5*]N1c2ccccc2CCC1[13*],3
4856,No ,[5*]N1CCCC2CN(C)CCC21,3
4857,No ,[4*]C(C)C(C)C,3
4858,No ,[5*]N1CCc2ncnc([14*])c2C1,3
4859,No ,[5*]N1CCc2ccccc2C1CO,3
4860,No ,[15*]C1CCNC1=O,3
4861,No ,[14*]c1ncc(C)c(C)n1,3
4862,No ,[5*]N1CC=C(c2ccccc2)CC1,3
4863,No ,[16*]c1ccc2c(c1)nc(C)n2C,3
4864,No ,[9*]n1nc([14*])c2cnccc21,3
4865,No ,[5*]N1CCC(C)Sc2ccccc21,3
4866,No ,[9*]n1c(C)c(C)n2c3c(=O)[nH]c(=O)n(C)c3nc12,3
4867,No ,[8*]C([8*])C#N,3
4868,No ,[9*]n1nc2c(cc1=O)CCCC2,3
4869,No ,[9*]n1nc2c(c1[14*])CCC2,3
4870,No ,[15*]C1CC(C)C1,3
4871,No ,[5*]N1CC2C(C1)C2(C)C,3
4872,No ,[13*]C1Cc2ccccc2CN1,3
4873,No ,[15*]C1CS(=O)(=O)CC1O,3
4874,No ,[9*]n1cnc2cnccc2c1=O,3
4875,No ,[14*]c1cc(C#N)cs1,3
4876,No ,[16*]c1c[nH]c2cccc(Br)c12,3
4877,No ,[14*]c1ccc2cccc(Br)c2n1,3
4878,No ,[8*]CC#N,3
4879,No ,[14*]c1snc(C)c1[16*],3
4880,No ,[16*]c1cccc2ccc(C)nc12,3
4881,No ,[5*]N1C2CCC1CC([15*])(O)C2,3
4882,No ,[1*]C(=O)CC1c2ccccc2CCN1[5*],3
4883,No ,[15*]C1CC12CCCc1ccccc12,3
4884,No ,[9*]n1c([14*])n[nH]c1=O,3
4885,No ,[14*]c1ncc(C)o1,3
4886,No ,[5*]N1CCSCC1,3
4887,No ,[14*]c1nc2cc(C)nn2c2ccccc12,3
4888,No ,[15*]C1(O)CCC1,3
4889,No ,[14*]c1[nH]c2ccccc2c1Br,3
4890,No ,[15*]C1CCNC1,3
4891,No ,[14*]c1ncccc1[N+](=O)[O-],3
4892,No ,[14*]c1cc2ccc(F)cc2s1,3
4893,No ,[16*]c1cc(Cl)sc1Cl,3
4894,No ,[16*]c1cnc2cc(C)nn2c1C,3
4895,No ,[14*]c1c2c(nn1C)CCC2,3
4896,No ,[14*]c1ncnc2nc(N)ccc12,3
4897,No ,[5*]N1CCc2cc([16*])c([16*])cc2C1c1ccccc1,3
4898,No ,[15*]C1CCS(=O)(=O)CC1,3
4899,No ,[15*][C@H]1CC1(C)C,3
4900,No ,[1*]C(=O)CCN,3
4901,No ,[5*]N1CCNC(=O)CC1[13*],3
4902,No ,[1*]C(=O)CO,3
4903,No ,[14*]c1cc2sccc2[nH]1,3
4904,No ,[5*]N1CC(C)C(=O)Nc2ccccc21,3
4905,No ,[16*]c1ccc(S(=O)(=O)C(C)C)cc1,3
4906,No ,[9*]n1ccc(=O)c([14*])n1,3
4907,No ,[15*]C1COC1,3
4908,No ,[14*]c1n[nH]c2ccc(C)cc12,3
4909,No ,[9*]n1cc([16*])c(=O)c2ccccc21,3
4910,No ,[14*]c1cn2c(C)cc(C)nc2n1,3
4911,No ,[10*]N1C(=O)C([15*])CC1C,3
4912,No ,[14*]c1cnc2ncccn12,3
4913,No ,[5*]N1CCC([15*])C(O)C1,3
4914,No ,[5*]N1CC([15*])Cc2ccccc21,3
4915,No ,[16*]c1cc(C)nc(C)c1C#N,3
4916,No ,[8*]CC(F)F,3
4917,No ,[13*]C1CCCS1(=O)=O,3
4918,No ,[5*]N1C2CCC1CC([15*])C2,3
4919,No ,[15*]C1CCc2ccc([16*])cc2C1,3
4920,No ,[5*]N1CCCC(C)c2ccccc21,3
4921,No ,[4*]CCCC(=O)O,3
4922,No ,[14*]c1cc(C)c([14*])o1,3
4923,No ,[9*]n1cnc2ccsc2c1=O,3
4924,No ,[16*]c1cc[n+]([O-])cc1,3
4925,No ,[8*]C(C)O,3
4926,No ,[5*]N1CCN(C)c2ccccc2C1,3
4927,No ,[1*]C(=O)C(C)N,3
4928,No ,[14*]c1ccc2c(Cl)ccc(Cl)c2n1,3
4929,No ,[9*]n1c(N)c([16*])c(=O)[nH]c1=O,3
4930,No ,[16*]c1ccc(C)[nH]c1=O,3
4931,No ,[9*]n1cc(Br)ccc1=O,3
4932,No ,[9*]n1ncnc1[14*],3
4933,No ,[5*]N1CCCC([15*])(C)C1,3
4934,No ,[14*]c1cc(C#N)cn1C,3
4935,No ,[5*]N1CCC([15*])C1C,3
4936,No ,[5*]N[C@@H]1c2ccccc2C[C@@H]1O,3
4937,No ,[5*]NC1c2ccccc2CC1O,3
4938,No ,[9*]n1c(C)c(C)sc1=O,3
4939,No ,[4*]CCC(=O)O,3
4940,No ,[16*]c1cccc(C)c1Cl,3
4941,No ,[5*]N1CCCC2CCCC21,3
4942,No ,[10*]N1C(=O)COc2ccccc2C1=O,3
4943,No ,[14*]c1cnc([14*])[nH]1,3
4944,No ,[13*]C1CCCN1,3
4945,No ,[5*]N1CCC([15*])C([15*])C1,3
4946,No ,[14*]c1nnc2ccccc2c1N,3
4947,No ,[14*]c1nc2ccccc2cc1[16*],3
4948,No ,[9*]n1c(C)nc(C#N)c1C#N,3
4949,No ,[14*]c1nc2ccc(Cl)cc2c(=O)[nH]1,3
4950,No ,[16*]c1cc2c(cc1[16*])OC(C)C2,3
4951,No ,[14*]c1ncnc2ccc(Cl)cc12,3
4952,No ,[5*]N1CCOC2CCCCC21,3
4953,No ,[14*]c1cn2nc([14*])sc2n1,3
4954,No ,[14*]c1nc2ccccc2c(C)c1Cl,3
4955,No ,[5*]N1CCc2c([nH]c3ccccc23)C1,3
4956,No ,[1*]C(=O)C1NCCc2ccccc21,3
4957,No ,[14*]c1ncnc2oc(C)c(C)c12,3
4958,No ,[4*]CC1Cc2ccccc21,3
4959,No ,[9*]n1c(=O)n([9*])c2cnccc21,3
4960,No ,[16*]c1cc2cc(Cl)ccc2nc1C,3
4961,No ,[16*]c1cc[nH]c1C,3
4962,No ,[5*]N1CCCC[C@@H]1[13*],3
4963,No ,[14*]c1cnc2cc(C)ccn12,3
4964,No ,[5*]N1CCc2nc3ccccc3c([16*])c2C1,3
4965,No ,[5*]N1CC=C(c2ccc(O)cc2)CC1,3
4966,No ,[16*]c1ccc(S(C)=O)cc1,3
4967,No ,[16*]c1ccc(F)c([16*])c1[16*],3
4968,No ,[14*]c1c(C)c(C)nn1C,3
4969,No ,[14*]c1onc2ccc([16*])cc12,3
4970,No ,[15*]C1CCC(C)(C)CC1,3
4971,No ,[15*]C1CC1C1CC1,3
4972,No ,[14*]c1nc([14*])c2c(n1)CCC2,3
4973,No ,[14*]c1nc([14*])n2ccccc12,3
4974,No ,[5*]N1CCc2ccc(C)cc21,3
4975,No ,[8*]CS(=O)(=O)c1ccccc1,3
4976,No ,[5*]N([5*])C1CCc2ccccc21,3
4977,No ,[14*]c1cnc2cc(Cl)c(Cl)cc2n1,3
4978,No ,[16*]c1c(C#N)cnc2ccccc12,3
4979,No ,[5*]N1CCN([5*])C(C)(C)C1,3
4980,No ,[16*]c1c[nH]c2ccc(C)cc12,3
4981,No ,[16*]c1cc2c(cc1Cl)OCCCO2,3
4982,No ,[14*]c1nc2c([nH]1)c(=O)[nH]c(=O)n2C,3
4983,No ,[14*]c1nc2nc(C)cc([14*])n2n1,3
4984,No ,[16*]c1coc2cc(C)c(C)cc12,3
4985,No ,[14*]c1ncoc1C,3
4986,No ,[16*]c1ccc(S(C)=O)c(F)c1,3
4987,No ,[9*]n1c(=O)oc2cc(Cl)ccc21,3
4988,No ,[16*]c1ccc2c([16*])cc(=O)oc2c1,3
4989,No ,[16*]c1cc(C)cc2cccnc12,3
4990,No ,[16*]c1ccccc1S(=O)(=O)CC,3
4991,No ,[16*]c1c(Cl)cc(Cl)c2ccc(C)nc12,3
4992,No ,[14*]c1cc([16*])co1,3
4993,No ,[14*]c1nc2ccccc2cc1C,3
4994,No ,[14*]c1nc2cc([16*])ccc2s1,3
4995,No ,[14*]c1c([16*])cnn1C,3
4996,No ,[14*]c1cc(C)c([14*])nn1,3
4997,No ,[1*]C(=O)CCC(=O)O,3
4998,No ,[9*]n1nc(C)nc1[14*],3
4999,No ,[9*]n1ncc2c([16*])cc([14*])nc21,3
5000,No ,[16*]c1cn(C)c(=O)cc1C,3
5001,No ,[16*]c1c(C)cc(C)nc1C,3
5002,No ,[12*]S(=O)(=O)c1cc(Cl)ccc1[16*],3
5003,No ,[14*]c1nc2cc([16*])c([16*])cc2s1,3
5004,No ,[9*]n1nc(C)ccc1=O,3
5005,No ,[9*]n1c([14*])ccc([16*])c1=O,3
5006,No ,[5*]N1CCCN(C)c2ccc(Cl)cc21,3
5007,No ,[14*]c1cc([16*])c([14*])s1,3
5008,No ,[16*]c1ccc2c(c1)C(=O)CCC2,3
5009,No ,[14*]c1ncc(C#N)cc1Cl,3
5010,No ,[14*]c1nn(C)cc1C#N,3
5011,No ,[10*]N1C(=O)CNC1=O,3
5012,No ,[4*]CCCC,3
5013,No ,[16*]c1cccc2[nH]ncc12,3
5014,No ,[16*]c1ccc2c(c1)OC(F)(F)O2,3
5015,No ,[14*]c1oc2c([16*])cccc2c1C,3
5016,No ,[9*]n1ncc2c([16*])cc(C)nc21,3
5017,No ,[5*]N1CCCc2cc(F)ccc21,3
5018,No ,[16*]c1c(F)c(F)c(F)c(F)c1F,3
5019,No ,[1*]C(=O)CC1OCCc2ccccc21,3
5020,No ,[16*]c1csc(Br)c1,3
5021,No ,[14*]c1cc(=O)n2nc(C)sc2n1,3
5022,No ,[5*]N1CC(C)CN(C)c2ccccc21,3
5023,No ,[16*]c1c(C)ccn(C)c1=O,3
5024,No ,[16*]c1cc2c(cc1[16*])OCO2,3
5025,No ,[5*]N1CC(C)OCC1C,3
5026,No ,[14*]c1ccc([N+](=O)[O-])cn1,3
5027,No ,[14*]c1ncnc2c(F)cccc12,3
5028,No ,[16*]c1cc(C)nc2c1c(C)nn2C,3
5029,No ,[9*]n1c(=O)[nH]c(=O)c2ccccc21,3
5030,No ,[16*]c1ccc2nc(C)sc2c1,3
5031,No ,[5*]N1CCc2sccc2C1c1ccccc1,3
5032,No ,[16*]c1cn(C)nc1C,3
5033,No ,[12*]S(=O)(=O)c1ccc(C)c(F)c1,3
5034,No ,[14*]c1nnn[nH]1,3
5035,No ,[10*]N1C(=O)C(C)N([10*])C1=O,3
5036,No ,[15*]C1CCCC1([15*])C,3
5037,No ,[9*]n1nc(C)c(C)c1[14*],3
5038,No ,[1*]C(=O)C1=Cc2ccccc2OC1,3
5039,No ,[5*]N1c2ccccc2N(C)CCC1C,3
5040,No ,[16*]c1cc2c(cc1F)NC(=O)CC2,3
5041,No ,[16*]c1cccc(F)c1Cl,3
5042,No ,[12*]S(=O)(=O)c1ccc(F)c(F)c1,3
5043,No ,[16*]c1cc(Br)ccc1Cl,3
5044,No ,[15*]C1COc2ccccc2C1,3
5045,No ,[9*]n1nncc1[14*],3
5046,No ,[16*]c1cc(C)c([16*])c(C)c1,3
5047,No ,[14*]c1oc2c(Cl)cccc2c1C,3
5048,No ,[16*]c1cnc2onc(C)c2c1,3
5049,No ,[15*]C1COc2c([16*])cccc2C1,3
5050,No ,[14*]c1cc(C)c(C)s1,3
5051,No ,[5*]N1CCN(C)CC1C,3
5052,No ,[9*]n1cc(Cl)c(=O)[nH]c1=O,3
5053,No ,[10*]N1CC(=O)N([10*])C1=O,3
5054,No ,[5*]N1CCCc2cccc(O)c21,3
5055,No ,[8*]CC(=C)C,3
5056,No ,[16*]c1ccc2c(c1)NC(=O)CC2,3
5057,No ,[16*]c1cncnc1,3
5058,No ,[16*]c1c(F)cccc1Br,3
5059,No ,[14*]c1nnc(C)c2ccccc12,3
5060,No ,[14*]c1cc(Cl)c[nH]1,3
5061,No ,[16*]c1cc([16*])c([16*])cc1[16*],3
5062,No ,[14*]c1cc(C)[nH]n1,3
5063,No ,[9*]n1ccc2ccc(Cl)cc21,3
5064,No ,[5*]N1CCC(C)C2CCCCC21,3
5065,No ,[14*]c1nccnc1[14*],3
5066,No ,[16*]c1cc(S(C)(=O)=O)ccc1F,3
5067,No ,[14*]c1sc2cccc(F)c2c1C,3
5068,No ,[14*]c1nc(C)nc2c1cnn2C,3
5069,No ,[4*][C@@H](C[8*])C(=O)O,3
5070,No ,[14*]c1cnc(C)s1,3
5071,No ,[14*]c1cc(C)c([14*])s1,3
5072,No ,[12*]S(=O)(=O)c1ccc(F)cc1C,3
5073,No ,[14*]c1nn2c([14*])cc(C)nc2c1C,2
5074,No ,[14*]c1nc([14*])c2nccnc2n1,2
5075,No ,[9*]n1nc([14*])sc1=S,2
5076,No ,[4*][C@H]([8*])C,2
5077,No ,[5*]N1CCC(C)C(C)(C)C1,2
5078,No ,[16*]c1c(C)nc2ncnn2c1O,2
5079,No ,[12*]S(=O)(=O)CC,2
5080,No ,[14*]c1cnc(Cl)s1,2
5081,No ,[5*]N1CCn2c(C)nnc2C1,2
5082,No ,[12*]S(=O)(=O)c1cccc2nonc12,2
5083,No ,[12*]S(=O)(=O)c1cc(Cl)ccc1C,2
5084,No ,[16*]c1ccc2c(c1)oc(=O)n2C,2
5085,No ,[14*]c1cc(C#N)c2cc(Cl)ccc2n1,2
5086,No ,[16*]c1cc(=O)oc2ccc3ccccc3c12,2
5087,No ,[16*]c1cc([16*])cc(F)c1,2
5088,No ,[14*]c1oc2c(F)cccc2c1C,2
5089,No ,[16*]c1c(C#N)nnc2ccccc12,2
5090,No ,[16*]c1ccnc2c([16*])cccc12,2
5091,No ,[8*]CS(=O)c1cccc(F)c1,2
5092,No ,[14*]c1cc2nc(C)ccc2o1,2
5093,No ,[14*]c1ccc2nnc(C)n2n1,2
5094,No ,[16*]c1ccc(=O)n(C)c1,2
5095,No ,[8*]C([8*])(C)C,2
5096,No ,[9*]n1c(N)nc(C#N)c1C#N,2
5097,No ,[5*]N1CC([13*])OCC1C,2
5098,No ,[14*]c1nccc2ccncc12,2
5099,No ,[1*]C(=O)C([4*])CC,2
5100,No ,[14*]c1sc(C)c(C)c1C#N,2
5101,No ,[1*]C(=O)C([8*])C(C)C,2
5102,No ,[5*]N1Cc2ccccc2N(C)CC1[13*],2
5103,No ,[16*]c1cccnc1S,2
5104,No ,[1*]C(=O)C([8*])N,2
5105,No ,[16*]c1c(C)nn2cccnc12,2
5106,No ,[15*]C1(N)CCC1,2
5107,No ,[8*]C(C)CC,2
5108,No ,[3*]ONC([6*])=O,2
5109,No ,[16*]c1cc(S(C)(=O)=O)ccc1Cl,2
5110,No ,[14*]c1n[nH]c2ccccc2c1=O,2
5111,No ,[16*]c1cccnc1[N+](=O)[O-],2
5112,No ,[13*]C1CCC([13*])O1,2
5113,No ,[1*]C(=O)CC1c2cc([16*])c([16*])cc2CCN1[5*],2
5114,No ,[9*]n1c(=O)c2ccccc2n2c([14*])nnc12,2
5115,No ,[14*]c1ncc(Cl)n1C,2
5116,No ,[14*]c1sc2cccc(F)c2c1[16*],2
5117,No ,[13*]C1CN2CCCC2CO1,2
5118,No ,[5*]N1CCc2cccc(C)c21,2
5119,No ,[16*]c1cc(Br)ccc1F,2
5120,No ,[8*]CS(=O)(=O)c1ncnn1C,2
5121,No ,[9*]n1c(=O)n(C)c2ccncc21,2
5122,No ,[1*]C(=O)CC1CCCc2cc([16*])ccc21,2
5123,No ,[14*]c1nccn2ccnc12,2
5124,No ,[14*]c1ncncc1Cl,2
5125,No ,[14*]c1cc(C)ncn1,2
5126,No ,[14*]c1oc2ccc(F)cc2c1C,2
5127,No ,[1*]C(=O)C(N)CC,2
5128,No ,[14*]c1nc(N)nc(N)n1,2
5129,No ,[16*]c1cccc2c3c([nH]c12)CCCC3,2
5130,No ,[15*]C1CC([15*])C1(C)C,2
5131,No ,[14*]c1ncnc2c1CCCCC2,2
5132,No ,[16*]c1cc([16*])c(C)cc1[16*],2
5133,No ,[16*]c1ccc(F)cc1N,2
5134,No ,[5*]N1CCCc2cc(S([12*])(=O)=O)ccc21,2
5135,No ,[14*]c1cc2ccccc2c(Cl)n1,2
5136,No ,[16*]c1cnc2c(c1)c(=O)n(C)c(=O)n2C,2
5137,No ,[5*]N1CC(CC[8*])c2ccccc21,2
5138,No ,[9*]n1cnc2cc(F)c(F)cc21,2
5139,No ,[5*]N1CCc2[nH]c3ccc(Br)cc3c2C1,2
5140,No ,[9*]n1cnc2sccc2c1=O,2
5141,No ,[16*]c1cnc2ccccc2c1[16*],2
5142,No ,[15*]C1CCC2CCCCC2C1,2
5143,No ,[16*]c1cc(C)c(O)c(C)c1,2
5144,No ,[12*]S(=O)(=O)c1c(C)c(C)cc(C)c1C,2
5145,No ,[8*]CS(=O)(=O)c1cccc(Cl)c1,2
5146,No ,[4*]C(C[8*])C(C)C,2
5147,No ,[15*]C1(O)CCCC1,2
5148,No ,[12*]S(=O)(=O)c1cccc(Cl)c1C,2
5149,No ,[1*]C(=O)CN1C(=O)COc2cc(Br)ccc21,2
5150,No ,[14*]c1nnc2cc(C)nc(C)n12,2
5151,No ,[9*]n1c(=O)c2c(ncn2[9*])n([9*])c1=O,2
5152,No ,[16*]c1ccc(C#N)cc1Cl,2
5153,No ,[5*]N1CCN2C(=O)C(=O)NCC2C1,2
5154,No ,[5*]N1CCc2c(Cl)cc(Cl)cc2C1C,2
5155,No ,[4*]CC1CCCc2cc([16*])ccc21,2
5156,No ,[16*]c1c(C)c(C)nn(C)c1=O,2
5157,No ,[5*]N([5*])C1CCCc2ccccc21,2
5158,No ,[12*]S(=O)(=O)c1ccc(C)c2ncccc12,2
5159,No ,[16*]c1ccc(C)cc1O,2
5160,No ,[5*]N1CC([15*])C([15*])C1,2
5161,No ,[14*]c1ccc2c(C)c([14*])sc2n1,2
5162,No ,[14*]c1nc(C)ncc1Cl,2
5163,No ,[8*]CS(=O)(=O)c1nnc([14*])n1C,2
5164,No ,[14*]c1nc2cc(F)ccc2o1,2
5165,No ,[14*]c1ccc([N+](=O)[O-])o1,2
5166,No ,[5*]N1CCc2c(Cl)cccc21,2
5167,No ,[5*]N1CCc2ccc([16*])cc21,2
5168,No ,[16*]c1cc(F)ccc1O,2
5169,No ,[12*]S(=O)(=O)c1cccc2cccnc12,2
5170,No ,[16*]c1cc(C)c(C)cc1Cl,2
5171,No ,[9*]n1cnc(C)c1C,2
5172,No ,[14*]c1nc2c(cnn2C)c(=O)[nH]1,2
5173,No ,[5*]N1c2ccccc2CC1[13*],2
5174,No ,[14*]c1nc2ccc(S(C)(=O)=O)cc2s1,2
5175,No ,[16*]c1ccc2occ([16*])c2c1,2
5176,No ,[16*]c1cc(F)c(F)cc1[16*],2
5177,No ,[16*]c1ccc(Br)c([N+](=O)[O-])c1,2
5178,No ,[5*]N1CCc2cc(Cl)cc(Cl)c2C1,2
5179,No ,[16*]c1ccnc(Cl)c1,2
5180,No ,[14*]c1nc([14*])c2sccc2n1,2
5181,No ,[1*]C(=O)CCS(=O)(=O)C1CCCC1,2
5182,No ,[8*]C(C#N)S(=O)(=O)c1ccc(C)cc1,2
5183,No ,[14*]c1cc2c(C)c(C)ccc2[nH]1,2
5184,No ,[5*]N1CC2CCCCC21[13*],2
5185,No ,[10*]N1C(=O)Cc2ccccc2C1=O,2
5186,No ,[14*]c1ncnc([14*])c1N,2
5187,No ,[9*]n1c(C)csc1=O,2
5188,No ,[5*]N([5*])C[8*],2
5189,No ,[14*]c1nc(N)c2cnn(C)c2n1,2
5190,No ,[16*]c1ccc2c(c1)ncn2C,2
5191,No ,[5*]N1CCC(C2CCN(C)CC2)C1,2
5192,No ,[16*]c1c[nH]c(C)cc1=O,2
5193,No ,[14*]c1ccc(F)cn1,2
5194,No ,[14*]c1c(C)nc2sc(C)cn12,2
5195,No ,[12*]S(=O)(=O)c1cc(C)cc(F)c1,2
5196,No ,[14*]c1ccnc2ncnn12,2
5197,No ,[14*]c1nc(C)nc2sc3c(c12)CCC3,2
5198,No ,[16*]c1ccc(C)c(S(C)(=O)=O)c1,2
5199,No ,[16*]c1ccc(N2CCC(C)=N2)cc1,2
5200,No ,[16*]c1cn[nH]c1C,2
5201,No ,[4*]CCC#N,2
5202,No ,[5*]N1CCCN(C)c2cc(F)ccc21,2
5203,No ,[14*]c1cc2c(s1)-c1ccccc1CC2,2
5204,No ,[12*]S(=O)(=O)c1ccc([14*])o1,2
5205,No ,[16*]c1cc(C)nc2c1c(=O)[nH]n2C,2
5206,No ,[12*]S(=O)(=O)c1cc(Cl)cc(Cl)c1,2
5207,No ,[13*]C1Cc2cc(F)ccc2O1,2
5208,No ,[1*]C(=O)C1=Cc2cc([16*])ccc2OC1,2
5209,No ,[16*]c1cc2c(cc1Br)OCCO2,2
5210,No ,[14*]c1nc(C)nn1C,2
5211,No ,[5*]N1CCCC2(CCCCC2)CC1,2
5212,No ,[12*]S(=O)(=O)c1ccc(F)cc1Cl,2
5213,No ,[16*]c1c(Cl)cc(Cl)cc1Cl,2
5214,No ,[16*]c1ccc2c3c(cccc13)CC2,2
5215,No ,[1*]C(=O)CCN1C(=O)CCc2cc(F)ccc21,2
5216,No ,[14*]c1[nH]nc(C)c1[16*],2
5217,No ,[14*]c1cocn1,2
5218,No ,[16*]c1ccc2c(c1)N(C)C(=O)CO2,2
5219,No ,[14*]c1nc2cccc(C)c2n1C,2
5220,No ,[16*]c1ccc2c(c1)N(C)CC2,2
5221,No ,[5*]N1CCCc2c(C)ccc(F)c21,2
5222,No ,[14*]c1cnns1,2
5223,No ,[13*]C1C([15*])CCN1C,2
5224,No ,[5*]N1CCc2c(C)cccc21,2
5225,No ,[14*]c1[nH]c2ccc(Br)cc2c1Cl,2
5226,No ,[5*]N1CCSc2ccncc21,2
5227,No ,[16*]c1ccc2nnc(C)n2c1,2
5228,No ,[14*]c1cc2c(s1)CCC(C)(C)C2,2
5229,No ,[16*]c1ccc2c(c1)CC(C)(C)O2,2
5230,No ,[16*]c1ccc(S(=O)(=O)CC)cc1,2
5231,No ,[14*]c1nc(C)nc(C)c1C,2
5232,No ,[16*]c1ccc2c(c1)CCCC(=O)N2,2
5233,No ,[14*]c1nc2ccccc2c(=O)n1C,2
5234,No ,[1*]C(=O)CC1C(=O)Nc2ccccc21,2
5235,No ,[16*]c1ccc2c(Cl)ccnc2c1F,2
5236,No ,[16*]c1cncc2ccccc12,2
5237,No ,[16*]c1ccnnc1,2
5238,No ,[8*]CCS(=O)(=O)c1ccccc1,2
5239,No ,[16*]c1c(C)n[nH]c1C,2
5240,No ,[5*]N1CCCc2cccc(C)c21,2
5241,No ,[16*]c1coc2ccccc12,2
5242,No ,[5*]N1CC2CN(C)C([13*])C2C1,2
5243,No ,[16*]c1ccc(F)c(Br)c1,2
5244,No ,[9*]n1ccc2ccc([16*])cc2c1=O,2
5245,No ,[5*]N1CCc2ccc(O)cc2C1,2
5246,No ,[14*]c1nc2ccc([16*])cc2cc1C,2
5247,No ,[16*]c1ccn2cncc2c1,2
5248,No ,[14*]c1cc(=O)n2ccc(C)cc2n1,2
5249,No ,[15*]C1CCN(C)CC1C,2
5250,No ,[14*]c1nc2cc(C)ccn2c1[14*],2
5251,No ,[1*]C(=O)[C@@H](N)C[8*],2
5252,No ,[5*]N1CCCCC1([13*])C,2
5253,No ,[16*]c1cc(C)nc2onc(C)c12,2
5254,No ,[9*]n1ccc2occc2c1=O,2
5255,No ,[16*]c1c(C)nc2c(C#N)cnn2c1O,2
5256,No ,[16*]c1ccc2oc3c(c2c1)CCCC3,2
5257,No ,[16*]c1ccc2c(c1)CCC(=O)N2C,2
5258,No ,[14*]c1nc2ccc([16*])cc2c(=O)[nH]1,2
5259,No ,[9*]n1c(=O)c([16*])c([14*])n1C,2
5260,No ,[9*]n1ncc2cc([N+](=O)[O-])cc(Cl)c21,2
5261,No ,[9*]n1ncc2cccnc2c1=O,2
5262,No ,[13*]C1CCCCN1,2
5263,No ,[16*]c1c[nH]c2c(C)cccc12,2
5264,No ,[1*]C(=O)C([6*])=O,2
5265,No ,[16*]c1cccc(S(=O)(=O)C2CCCC2)c1,2
5266,No ,[14*]c1c([N+](=O)[O-])ncn1C,2
5267,No ,[10*]N1C(=O)[C@@H]2[C@H](C1=O)[C@H]1C=C[C@@H]2C1,2
5268,No ,[15*]C1(N)CCCCC1,2
5269,No ,[15*]C1(N)Cc2ccccc2C1,2
5270,No ,[14*]c1nccc2oc(C)cc12,2
5271,No ,[14*]c1cc([14*])n2ncc([16*])c2n1,2
5272,No ,[16*]c1ccc2c(c1)CNCC2,2
5273,No ,[5*]N1CCc2cc([16*])c([16*])cc2CC1,2
5274,No ,[1*]C(=O)CC([8*])N,2
5275,No ,[16*]c1ccnc2cc(Br)cnc12,2
5276,No ,[5*]NC1CCS(=O)(=O)c2ccccc21,2
5277,No ,[9*]n1cnnc1S(C)=O,2
5278,No ,[10*]N1C(=O)CC2(CCc3ccccc32)C1=O,2
5279,No ,[4*]CC1CCN(C)c2ccccc21,2
5280,No ,[13*]C1Cc2cc(C)c(C)cc2O1,2
5281,No ,[16*]c1ccccc1S(C)=O,2
5282,No ,[12*]S(=O)(=O)c1cc(Cl)ccc1Cl,2
5283,No ,[5*]N1C2CCC1CC(C)(O)C2,2
5284,No ,[16*]c1ccc([N+](=O)[O-])cc1[16*],2
5285,No ,[16*]c1cccc(C#Cc2ccccn2)c1,2
5286,No ,[4*]CC#N,2
5287,No ,[5*]N1CCN(C)c2ccc(Cl)cc21,2
5288,No ,[14*]c1nc2c(C)cccn2c1[14*],2
5289,No ,[15*]C1CCC(=O)N(C)C1,2
5290,No ,[14*]c1cnn[nH]1,2
5291,No ,[14*]c1cccc[n+]1[O-],2
5292,No ,[14*]c1nc2ccccc2n(C)c1=O,2
5293,No ,[4*]C(C)(C)C,2
5294,No ,[10*]N1C(=O)C2CCCN2C1=O,2
5295,No ,[9*]n1nc(C)c([N+](=O)[O-])c1C,2
5296,No ,[9*]n1cc([16*])c(=O)c2cc(F)c(Cl)cc21,2
5297,No ,[8*]C([8*])C(N)=O,2
5298,No ,[1*]C(=O)[C@@H]([4*])C[8*],2
5299,No ,[16*]c1ccc2c(c1)NC(=O)C(C)S2,2
5300,No ,[16*]c1ccc2c(c1)OC(C)(C)O2,2
5301,No ,[5*]N1CCOc2cccc(F)c21,2
5302,No ,[14*]c1cc2c(F)cc(Br)cc2[nH]1,2
5303,No ,[12*]S(=O)(=O)c1cc(C)ccc1[16*],2
5304,No ,[14*]c1nc(C)nc2[nH]ccc12,2
5305,No ,[5*]N1CC(C)Oc2ccc([16*])cc21,2
5306,No ,[9*]n1cnc2c(Cl)cc(Cl)cc2c1=O,2
5307,No ,[14*]c1ncco1,2
5308,No ,[16*]c1ccc(C#N)cc1C,2
5309,No ,[9*]n1cc(Br)c([14*])n1,2
5310,No ,[14*]c1cccc(C#N)n1,2
5311,No ,[4*]C(C[8*])CC,2
5312,No ,[14*]c1c([16*])c(C)nc2c([16*])cnn12,2
5313,No ,[14*]c1cc2nc(C)cc([14*])n2n1,2
5314,No ,[5*]N1CCN([5*])[C@@H](C)C1,2
5315,No ,[1*]C(=O)C1SCCc2ccccc21,2
5316,No ,[14*]c1nccn2c([14*])nnc12,2
5317,No ,[14*]c1cc(O)n2ncc(C#N)c2n1,2
5318,No ,[9*]n1nc(C)c(C#N)c1[14*],2
5319,No ,[16*]c1ccncc1Br,2
5320,No ,[5*]N1CC(C)Oc2cc(F)ccc21,2
5321,No ,[16*]c1cccc(C)c1F,2
5322,No ,[16*]c1cccc2c1OC(C)C(=O)N2,2
5323,No ,[5*]N1CCN(C)Cc2ccccc21,2
5324,No ,[5*]N1CCC2(CCCCC2)CC1,2
5325,No ,[4*]C1(C)CCC1,2
5326,No ,[11*]SC1CCc2c(Cl)cccc21,2
5327,No ,[16*]c1c[nH]c2c(C)cc(F)cc2c1=O,2
5328,No ,[15*]C1([15*])CC2CCC1C2,2
5329,No ,[13*]C1CNCCO1,2
5330,No ,[12*]S(=O)(=O)c1cccc2ncccc12,2
5331,No ,[4*]CC(C)(C)N,2
5332,No ,[14*]c1cc2cc(F)ccc2o1,2
5333,No ,[9*]n1cnc2c(cnn2C)c1=O,2
5334,No ,[14*]c1ncc(C)cn1,2
5335,No ,[15*]C1CC12CCc1ccccc12,2
5336,No ,[14*]c1nc2ccc(F)cc2o1,2
5337,No ,[16*]c1c(O)cc(F)cc1F,2
5338,No ,[16*]c1cc(F)c(F)c(F)c1F,2
5339,No ,[12*]S(=O)(=O)c1ccc([16*])c(F)c1,2
5340,No ,[5*]N1CC=C(c2c(C)[nH]c3ccccc23)CC1,2
5341,No ,[5*]N1CCCN(C)C(=O)C1,2
5342,No ,[14*]c1ncc2c(n1)CCC(C)(C)C2,2
5343,No ,[4*]CCS(N)(=O)=O,2
5344,No ,[5*]N1C[C@H]2CCC[C@@]2([15*])C1,2
5345,No ,[12*]S(=O)(=O)c1ccc(C)cc1[16*],2
5346,No ,[5*]N1CCc2ccc(Br)cc21,2
5347,No ,[14*]c1ncnc2c1CN(C)CC2,2
5348,No ,[16*]c1c[nH]c2cccc(C)c12,2
5349,No ,[16*]c1ccc2nc(C)cc([16*])c2c1,2
5350,No ,[12*]S(=O)(=O)c1cc(C)c(C)cc1[16*],2
5351,No ,[14*]c1cnc2nc(C)cc(C)n12,2
5352,No ,[13*]C1CCCCN1C,2
5353,No ,[14*]c1cc2cc([16*])c([16*])c([16*])c2[nH]1,2
5354,No ,[10*]N1C(=O)CC([15*])C1[13*],2
5355,No ,[9*]n1ccc(=O)c([N+](=O)[O-])c1,2
5356,No ,[14*]c1c(C)c(C)nc2ncnn12,2
5357,No ,[5*]N1CC(C)CCCC1C,2
5358,No ,[5*]N1C[C@H](O)C[C@@H]1[13*],2
5359,No ,[14*]c1nc2cc(Cl)ccc2[nH]1,2
5360,No ,[14*]c1cc(Br)c[nH]1,2
5361,No ,[14*]c1cc(Cl)c(Cl)cn1,2
5362,No ,[5*]N1C[C@H]([15*])C[C@H]1[13*],2
5363,No ,[5*]N1CCOc2ccc([16*])cc21,2
5364,No ,[5*]N1CC2(CCCC2)c2ccccc21,2
5365,No ,[15*]C1CCCC1(C)C,2
5366,No ,[9*]n1ncc2cc([16*])c(C)nc21,2
5367,No ,[8*]CN1C(=O)CSc2ccccc21,2
5368,No ,[5*]N1C[C@@H](O)[C@@H](O)C1,2
5369,No ,[16*]c1ccnc2c(F)cccc12,2
5370,No ,[5*]N1CCC([15*])C1(C)C,2
5371,No ,[14*]c1nc([14*])c2nc[nH]c2n1,2
5372,No ,[14*]c1ncc([16*])c(C)n1,2
5373,No ,[16*]c1cc(C#N)nc2ccccc12,2
5374,No ,[16*]c1c[nH]c2cc(Cl)ccc12,2
5375,No ,[5*]N1CCNCC1C,2
5376,No ,[14*]c1cc(C)c2cccc([16*])c2n1,2
5377,No ,[9*]n1ncsc1=O,2
5378,No ,[13*]C1(C)NC(=O)N(C)C1=O,2
5379,No ,[16*]c1ccc([N+](=O)[O-])cc1C#N,2
5380,No ,[14*]c1c(C)nc2ccccn12,2
5381,No ,[5*]N1CCCN([10*])C(=O)C1,2
5382,No ,[14*]c1ncnc2c1CCC2,2
5383,No ,[16*]c1ccc([N+](=O)[O-])cc1F,2
5384,No ,[16*]c1c[nH]c2cc(F)ccc12,2
5385,No ,[16*]c1cc([16*])c(Br)cc1[16*],2
5386,No ,[15*]C1C(C)CCCC1C,2
5387,No ,[16*]c1cc(Br)cc2cccnc12,2
5388,No ,[8*]CS(=O)(=O)c1ncc([14*])n1C,2
5389,No ,[5*]N1CCN([5*])c2ccccc21,2
5390,No ,[12*]S(=O)(=O)c1cccc2ccc(C)nc12,2
5391,No ,[14*]c1cnc2cc(F)c(F)cc2n1,2
5392,No ,[9*]n1c(N)nc2ccccc21,2
5393,No ,[5*]N1CCOc2ccccc2C1,2
5394,No ,[5*]N1CCS(=O)(=O)CC1C,2
5395,No ,[13*]C1Oc2cc([16*])ccc2NC1=O,2
5396,No ,[16*]c1cc(C)n(C)c1C,2
5397,No ,[13*]C1([13*])NC(=O)NC1=O,2
5398,No ,[9*]n1c([14*])cn2c3c(=O)[nH]c(=O)n(C)c3nc12,2
5399,No ,[14*]c1nc(C)ccc1C#N,2
5400,No ,[5*]N1CC([15*])(O)C1,2
5401,No ,[9*]n1c(C)ccc1C,2
5402,No ,[16*]c1ccc(C#N)c([16*])c1,2
5403,No ,[5*]N1CCCn2c1nc1c2c(=O)n([9*])c(=O)n1C,2
5404,No ,[14*]c1oc2ccc(Cl)cc2c1C,2
5405,No ,[14*]c1scc([16*])c1[16*],2
5406,No ,[14*]c1ncnc2sc(C)cc12,2
5407,No ,[5*]N1CCOc2ncccc21,2
5408,No ,[12*]S(=O)(=O)c1ccc(F)c(Cl)c1,2
5409,No ,[8*]CS(=O)(=O)c1ccccc1Cl,2
5410,No ,[16*]c1c(C#N)cnc2c(C)cc(C)cc12,2
5411,No ,[12*]S(=O)(=O)c1c(C)c(C)c(C)c(C)c1C,2
5412,No ,[12*]S(=O)(=O)c1ccc(C)c(C)c1C,2
5413,No ,[5*]N1C2CCC1CC(=O)NC2,2
5414,No ,[5*]N1Cc2cnnn2Cc2ccccc21,2
5415,No ,[16*]c1ccc2nccn2c1,2
5416,No ,[16*]c1ccc(Cl)nc1,2
5417,No ,[5*]N1CCc2cnc([14*])nc2C1,2
5418,No ,[14*]c1noc([14*])c1[16*],2
5419,No ,[8*]CCC#N,2
5420,No ,[10*]N1C(=O)NC2(CCCC2)C1=O,2
5421,No ,[9*]n1c2c(c3ccccc31)CCCC2,2
5422,No ,[5*]N1C([13*])CCCC1C,2
5423,No ,[16*]c1ccc(C#N)cc1[N+](=O)[O-],2
5424,No ,[16*]c1c(Cl)cc(C)c2ncccc12,2
5425,No ,[16*]c1c[nH]c2ccc(Br)cc12,2
5426,No ,[9*]n1ncc(C#N)c1N,2
5427,No ,[16*]c1ccc(O)c2ncccc12,2
5428,No ,[14*]c1nnc2ccc(C)nn12,2
5429,No ,[5*]NC1CCCCc2ccccc21,2
5430,No ,[14*]c1ncnc2[nH]cnc12,2
5431,No ,[9*]n1c([14*])cnc1C,2
5432,No ,[5*]N1CCC([15*])(O)CC1,2
5433,No ,[1*]C(=O)CN1C(=O)CSc2ccccc21,2
5434,No ,[16*]c1c(C)ccc([N+](=O)[O-])c1C,2
5435,No ,[14*]c1csc2nc(C)cn12,2
5436,No ,[5*]N1CCCc2cc([16*])ccc2C1,2
5437,No ,[16*]c1cnoc1,2
5438,No ,[5*]NC1CCCc2occc21,2
5439,No ,[5*]N1C[C@@H](F)C[C@H]1[13*],2
5440,No ,[16*]c1c2c(nc3ccccc13)CCCC2,2
5441,No ,[14*]c1ncc(C)cc1[N+](=O)[O-],2
5442,No ,[5*]N1CCNC([13*])C1,2
5443,No ,[14*]c1nc(=O)[nH][nH]1,2
5444,No ,[16*]c1cc(=O)oc2c(C)c(O)ccc12,2
5445,No ,[4*]C(C[8*])C(=O)O,2
5446,No ,[9*]n1ccc(=O)c2ccccc21,2
5447,No ,[14*]c1cccn1C,2
5448,No ,[16*]c1c(C)oc(C)c1C,2
5449,No ,[14*]c1nc2ccc(Cl)cc2[nH]1,2
5450,No ,[9*]n1nc([14*])c(C)n1,2
5451,No ,[16*]c1ccc2sccc2c1,2
5452,No ,[9*]n1cnc2c1c(=O)[nH]c(=O)n2C,2
5453,No ,[16*]c1cccc(S(N)(=O)=O)c1,2
5454,No ,[14*]c1nc(C)n2ccccc12,2
5455,No ,[16*]c1ccc2c(c1)CC(=O)N2C,2
5456,No ,[14*]c1nc2c(s1)CCCC2,2
5457,No ,[5*]N1C[C@@H]([15*])[C@H](C)C1,2
5458,No ,[16*]c1c(C)cc(C)cc1Cl,2
5459,No ,[4*]CC1CC(=O)Nc2ccccc21,2
5460,No ,[14*]c1nn2c(=O)cc(C)nc2s1,2
5461,No ,[14*]c1ncc(Br)c2ccccc12,2
5462,No ,[16*]c1cc2c(cc1Cl)OCCO2,2
5463,No ,[5*]N1CCN(C)CC12CCCCC2,2
5464,No ,[5*]N1CCN(C)C(=O)C1(C)C,2
5465,No ,[5*]N1CCNC(=O)C1C,2
5466,No ,[14*]c1coc(C)n1,2
5467,No ,[15*][C@H]1CC[C@H]([15*])CC1,2
5468,No ,[9*]n1nc(C)c([16*])c1Cl,2
5469,No ,[15*]C1CCN(C)C1,2
5470,No ,[16*]c1c(F)cc(F)cc1F,2
5471,No ,[14*]c1nnc2n1-c1ccccc1CC2,2
5472,No ,[16*]c1ccc2ccc(=O)oc2c1,2
5473,No ,[14*]c1nc2sc(C)c(C)c2c(=O)[nH]1,2
5474,No ,[14*]c1ncccc1Br,2
5475,No ,[9*]n1ncc(Cl)c(Cl)c1=O,2
5476,No ,[14*]c1sc(C)cc1[16*],2
5477,No ,[16*]c1cc([16*])c2c(c1)OCCO2,2
5478,No ,[15*]C1CCC(N)C1,2
5479,No ,[5*]N1CCCC1C,2
5480,No ,[8*]CC(C)(O)CC,2
5481,No ,[14*]c1nc2sccn2c1[N+](=O)[O-],2
5482,No ,[16*]c1ccc2c(c1)NC(=O)CS2,2
5483,No ,[14*]c1nc2cccc(Cl)c2s1,2
5484,No ,[9*]n1nc(C)c2ccccc2c1=O,2
5485,No ,[14*]c1nc(C)ns1,2
5486,No ,[14*]c1n[nH]c2ccc([N+](=O)[O-])cc12,2
5487,No ,[9*]n1nnc([14*])c1N,1
5488,No ,[4*]C(C)(C[8*])CC,1
5489,No ,[6*]C(=O)n1nc(C)c([16*])c1C,1
5490,No ,[16*]c1cc([16*])c(O)cc1O,1
5491,No ,[14*]c1n[nH]c2ccc([16*])cc12,1
5492,No ,[9*]n1c([14*])nc2ccc(Br)cc21,1
5493,No ,[5*]N1CCC(C)c2cccc([16*])c21,1
5494,No ,[16*]c1cccc2ccn(C)c12,1
5495,No ,[13*]C1Cc2c([nH]c3ccccc23)C(c2ccccc2)N1,1
5496,No ,[16*]c1cc(C)nc(O)c1,1
5497,No ,[5*]N1CCc2c(c3ccccc3n2[9*])C1,1
5498,No ,[14*]c1nc2ccccn2c1C#N,1
5499,No ,[14*]c1nc2ccc(F)cn2n1,1
5500,No ,[5*]N1CC(O)CC1C,1
5501,No ,[8*]CC(C)(C)O,1
5502,No ,[14*]c1nnc2cc(C)ccn12,1
5503,No ,[16*]c1cc(C)c(Br)cc1S(=O)(=O)n1nnc2ccccc21,1
5504,No ,[14*]c1nc(S(=O)(=O)c2ccccc2)c(Cl)s1,1
5505,No ,[9*]n1c(=O)c(C)nc2ccccc21,1
5506,No ,[12*]S(=O)(=O)c1cc(C)oc1C,1
5507,No ,[5*]N1CCCC(C)(C)CC1,1
5508,No ,[5*]N1C(C)CNCC1C,1
5509,No ,[14*]c1nc2ccccc2c([16*])c1C,1
5510,No ,[9*]n1cnc2ccc(F)cc2c1=O,1
5511,No ,[12*]S(=O)(=O)c1cccc([16*])c1C,1
5512,No ,[14*]c1ccc2c(n1)CCCC2,1
5513,No ,[15*]C1CC2CCC(C1)N2C,1
5514,No ,[15*]C1CC(O)C1,1
5515,No ,[5*]N1CC([15*])C(C)(C)C1,1
5516,No ,[8*]CCC(F)(F)F,1
5517,No ,[5*]N1Cc2ccccc2C(C)(C)C1,1
5518,No ,[16*]c1c(Cl)cc(F)cc1Br,1
5519,No ,[16*]c1c[nH]c2ccc(Cl)cc12,1
5520,No ,[14*]c1nc2ccc([N+](=O)[O-])cc2s1,1
5521,No ,[16*]c1coc2cc3c(cc12)CCC3,1
5522,No ,[14*]c1nc2ccc(C)cc2c(=O)[nH]1,1
5523,No ,[5*]N1CC(=O)N(C)C(=O)C1,1
5524,No ,[12*]S(=O)(=O)c1ccc([16*])c(C)c1C,1
5525,No ,[15*][C@@H]1CCCC[C@H]1O,1
5526,No ,[16*]c1ccn(C)c1,1
5527,No ,[14*]c1nn2nnc3ccccc3c2nc1=O,1
5528,No ,[8*]CCS(C)(=O)=O,1
5529,No ,[5*]N1CC(C)NC(=O)c2ccccc21,1
5530,No ,[16*]c1cnn2ncccc12,1
5531,No ,[5*]N1Cc2ccccc2-c2ccccc21,1
5532,No ,[4*]CCC(C)(C)O,1
5533,No ,[14*]c1ncnc2ncccc12,1
5534,No ,[4*]CC1OCCc2sccc21,1
5535,No ,[5*]N1CC(C)(C)OC(C)(C)C1,1
5536,No ,[5*]N1CCc2ccc(F)cc2C1,1
5537,No ,[10*]N1C(=O)C2CCCC2C1=O,1
5538,No ,[14*]c1ncnc2ccc(Br)cc12,1
5539,No ,[16*]c1cccc(I)c1,1
5540,No ,[5*]N1CCn2ncnc2C1,1
5541,No ,[16*]c1ccccc1S(=O)(=O)c1ccc(C)cc1,1
5542,No ,[14*]c1cc2cc([16*])ccc2n1C,1
5543,No ,[5*]N1CCc2ccc([N+](=O)[O-])cc21,1
5544,No ,[16*]c1cnc2sc(C)cn2c1=O,1
5545,No ,[5*]N1CCC([15*])(N)CC1,1
5546,No ,[16*]c1ccc2c(c1)NC(=O)CCN2C,1
5547,No ,[16*]c1cc(C#N)cc(F)c1C,1
5548,No ,[6*]C(=O)NNc1c(Cl)cc(Cl)cc1Cl,1
5549,No ,[12*]S(=O)(=O)c1cc(F)ccc1C,1
5550,No ,[14*]c1nc(=O)c2cn[nH]c2[nH]1,1
5551,No ,[16*]c1c(C)cccc1S(C)=O,1
5552,No ,[8*]CS(=O)c1ccc(C)cn1,1
5553,No ,[8*]CC(O)C(F)(F)F,1
5554,No ,[14*]c1ncc(Br)cn1,1
5555,No ,[9*]n1cnc2sc([14*])cc2c1=O,1
5556,No ,[5*]N1c2ccccc2NC(=O)C12CCCC2,1
5557,No ,[5*]N1CCN(C2CCCc3ccccc32)CC1,1
5558,No ,[16*]c1ccc(Cl)c([N+](=O)[O-])c1,1
5559,No ,[13*]C1CCC(C)O1,1
5560,No ,[15*]C1C(=O)N(C)C(=O)N(C)C1=O,1
5561,No ,[5*]N1CCc2sc([14*])cc2C1,1
5562,No ,[10*]N1C(=O)NC2(CCCCCC2)C1=O,1
5563,No ,[13*]C1Cc2cc([16*])ccc2O1,1
5564,No ,[16*]c1csc2ccc(Cl)cc12,1
5565,No ,[14*]c1nc2ccc(Br)cc2n1C,1
5566,No ,[14*]c1ccc2c(=O)n(C)c(=O)n(C)c2n1,1
5567,No ,[9*]n1nc([14*])c2cc([16*])cnc21,1
5568,No ,[8*]CS(=O)c1ccc([16*])cc1,1
5569,No ,[14*]c1nc2cc3c(cc2[nH]1)OCCO3,1
5570,No ,[5*]N1CCC[C@H]1C,1
5571,No ,[14*]c1nc2ccc([16*])cc2nc1[14*],1
5572,No ,[14*]c1ncc(C)c([14*])n1,1
5573,No ,[15*]C1CCOC1C(=C)C,1
5574,No ,[16*]c1cc2sc(C)nc2c2sccc12,1
5575,No ,[4*]C(C)C([8*])[8*],1
5576,No ,[5*]N1CCC2(CC1)CC2[15*],1
5577,No ,[16*]c1ccc(Cl)c([16*])c1[16*],1
5578,No ,[5*]N(C)C1CCCc2nc([14*])sc21,1
5579,No ,[15*]C1(O)CCC(C)CC1,1
5580,No ,[15*]C1(N)CCCC1,1
5581,No ,[15*]C1COc2ccccc2C1=O,1
5582,No ,[14*]c1nc2cc(Cl)ccc2o1,1
5583,No ,[14*]c1nc(C)c2cc(C)ccc2n1,1
5584,No ,[4*]C(C[8*])C(N)=O,1
5585,No ,[16*]c1ccnc(C)c1Cl,1
5586,No ,[16*]c1cc(C)c(C)cc1C,1
5587,No ,[14*]c1csc(N)n1,1
5588,No ,[9*]n1ncc2cc(Br)cnc21,1
5589,No ,[16*]c1ccc(Br)cc1[N+](=O)[O-],1
5590,No ,[5*]N1CCc2ccsc2C1,1
5591,No ,[5*]N1CC(C)(C)Sc2ccccc21,1
5592,No ,[5*]N1CCCCc2cc([16*])ccc21,1
5593,No ,[16*]c1cscc1[16*],1
5594,No ,[16*]c1ccc([N+](=O)[O-])c([16*])c1,1
5595,No ,[9*]n1cc(I)cc(C)c1=O,1
5596,No ,[14*]c1ccc([16*])c([14*])n1,1
5597,No ,[5*]NC1COc2ccc(C)cc21,1
5598,No ,[5*]N1CCC([15*])(C)CC1,1
5599,No ,[9*]n1nc(C)cc1N,1
5600,No ,[5*]N1CCn2ccnc2C1,1
5601,No ,[8*]CS(=O)c1ccc([16*])cn1,1
5602,No ,[8*]CS(=O)c1cccs1,1
5603,No ,[7*]CC(=O)O,1
5604,No ,[5*]NC1CCc2ccc(F)cc21,1
5605,No ,[5*]N1C2CCC(C2)C1[13*],1
5606,No ,[14*]c1nc2c3ccccc3[nH]c(=O)n2n1,1
5607,No ,[16*]c1cc(C#N)n(C)c1C,1
5608,No ,[14*]c1oc2cc(C)cc(C)c2c1C,1
5609,No ,[10*]N1Cc2ccccc2C1=O,1
5610,No ,[16*]c1ccc2c(c1)C(=O)NCC2,1
5611,No ,[16*]c1cc(Br)cc(C)c1[16*],1
5612,No ,[14*]c1nc(C)cc(C)c1[16*],1
5613,No ,[16*]c1c(C)cc(Br)cc1Cl,1
5614,No ,[14*]c1nn2cnnc2s1,1
5615,No ,[9*]n1cc([16*])c(=O)c2cc(F)c([16*])cc21,1
5616,No ,[9*]n1c(=O)n([9*])c2nc([14*])ccc21,1
5617,No ,[14*]c1ccc([14*])[nH]1,1
5618,No ,[9*]n1cnn([9*])c1=O,1
5619,No ,[5*]NC1C(=O)N(CC[8*])c2ccccc21,1
5620,No ,[9*]n1c([14*])nc2cc([16*])ccc2c1=O,1
5621,No ,[9*]n1cnc2cc([16*])c([16*])cc2c1=O,1
5622,No ,[14*]c1nc2cccnc2nc1[14*],1
5623,No ,[16*]c1ccc(Cl)c(C)c1,1
5624,No ,[14*]c1cc([16*])c2cccc(Br)c2n1,1
5625,No ,[11*]SC1CCCc2ccccc21,1
5626,No ,[14*]c1nc2ccc(C)cn2c1[14*],1
5627,No ,[14*]c1nc2sc([14*])cc2c(=O)[nH]1,1
5628,No ,[9*]n1ncn2nccc2c1=O,1
5629,No ,[14*]c1nn(C)c(=O)n(C)c1=O,1
5630,No ,[15*]C1CCOC2(CCCCC2)C1,1
5631,No ,[14*]c1nc2c(Cl)c(C)nn2c2ccccc12,1
5632,No ,[16*]c1cc2c([16*])coc2cc1C,1
5633,No ,[6*]C(=O)NNc1nc2ccccc2c(=O)n1[9*],1
5634,No ,[14*]c1nc2cc([16*])c([16*])cc2nc1C,1
5635,No ,[4*]C([8*])C([4*])C,1
5636,No ,[9*]n1nc([14*])cc1O,1
5637,No ,[15*]C1C2CCc3ccccc3C12,1
5638,No ,[1*]C(=O)C(C)C([8*])N,1
5639,No ,[12*]S(=O)(=O)c1cnc(C)[nH]1,1
5640,No ,[14*]c1nc2c(c(=O)[nH]1)CCCC2,1
5641,No ,[8*]CS(=O)c1ccc(O)cc1,1
5642,No ,[1*]C(=O)C1OCCc2ccccc21,1
5643,No ,[14*]c1n[nH]c([14*])c1C#N,1
5644,No ,[12*]S(=O)(=O)c1cc(C)c(F)c([N+](=O)[O-])c1,1
5645,No ,[1*]C(=O)C([8*])CC(C)C,1
5646,No ,[14*]c1cc(C)nc(C)n1,1
5647,No ,[8*]CC(N)C(=O)O,1
5648,No ,[5*]N1CCn2c1nc1ccccc12,1
5649,No ,[16*]c1cc([16*])c2c(c1)COCO2,1
5650,No ,[16*]c1cccc2c1CCC2=O,1
5651,No ,[8*]CS(=O)(=O)c1nccn1C,1
5652,No ,[4*]CC#C,1
5653,No ,[16*]c1ccc(C)nc1[N+](=O)[O-],1
5654,No ,[12*]S(=O)(=O)c1ccc(Cl)nc1,1
5655,No ,[12*]S(=O)(=O)c1ccc(Cl)c([16*])c1,1
5656,No ,[6*]C(=O)n1ccccc1=NC(C)C,1
5657,No ,[14*]c1cc([16*])cc(O)n1,1
5658,No ,[9*]n1nc(C)n([9*])c1=O,1
5659,No ,O=C1Nc2ccc(Br)cc2C12CCCC2,1
5660,No ,[14*]c1ncc(F)cn1,1
5661,No ,[16*]c1ccc2c(c1)NC(=O)C(C)O2,1
5662,No ,[15*]C1(C)CC1,1
5663,No ,[14*]c1sc2nc(C)cc(C)c2c1C,1
5664,No ,[14*]c1n[nH]c2nc3ccccc3n12,1
5665,No ,[10*]N1Cc2nc3ccccc3c(C)c2C1=O,1
5666,No ,[12*]S(=O)(=O)c1cn(C)c(Cl)n1,1
5667,No ,[15*]C1CCn2cncc2C1,1
5668,No ,[14*]c1nc(Cl)c2c([16*])csc2n1,1
5669,No ,[14*]c1nn(C)c([14*])c1[16*],1
5670,No ,[14*]c1cc2cc(C)cc(Br)c2o1,1
5671,No ,[5*]NC1CC(CO)c2ccccc21,1
5672,No ,[8*]C(C)S(=O)c1cc2c(cc1Cl)OCCO2,1
5673,No ,[15*]C1CCCNC1,1
5674,No ,[15*]C1CCC(C)(C)CC1C,1
5675,No ,[9*]n1cc(C#N)c(=O)[nH]c1=O,1
5676,No ,[16*]c1cccc(O)c1C,1
5677,No ,[5*]N1CCC2(CCC2)C1,1
5678,No ,[14*]c1ncc([N+](=O)[O-])c([14*])n1,1
5679,No ,[14*]c1cc2c([14*])nn(C)c2s1,1
5680,No ,[12*]S(=O)(=O)c1ccc(F)c(F)c1F,1
5681,No ,[14*]c1ccc(S(C)(=O)=O)o1,1
5682,No ,[5*]N1CCCN(C2CCCc3ccccc32)CC1,1
5683,No ,[9*]n1c([14*])nc2cc(Br)ccc21,1
5684,No ,[14*]c1oncc1[16*],1
5685,No ,[14*]c1noc2c1CCCC2,1
5686,No ,[5*]N1CC(=O)Nc2cnccc21,1
5687,No ,[14*]c1nc(C)n[nH]1,1
5688,No ,[5*]N1CC(C)Cc2ccccc21,1
5689,No ,[10*]N1C(=O)CC2(CCCCC2)CC1=O,1
5690,No ,[5*]N1CC([13*])Nc2ccccc21,1
5691,No ,[8*]CS(=O)c1cccc(Cl)c1,1
5692,No ,[12*]S(=O)(=O)c1cc(F)c(C)cc1F,1
5693,No ,[9*]n1nc([14*])[nH]c1=O,1
5694,No ,[9*]n1nc2c(Cl)cccn2c1=O,1
5695,No ,[9*]n1ccc(=O)c2cc(Br)ccc21,1
5696,No ,[5*]NC1CC2CCCc3cccc1c32,1
5697,No ,[5*]N1CCc2c(F)cccc21,1
5698,No ,[5*]N1CCn2cnnc2C1,1
5699,No ,[16*]c1cccc([16*])c1[N+](=O)[O-],1
5700,No ,[4*][C@H](CO)C(C)C,1
5701,No ,[5*]NC1CCCc2sccc21,1
5702,No ,[15*]C1CC(C)OC(C)C1,1
5703,No ,[12*]S(=O)(=O)c1ccc([16*])cc1F,1
5704,No ,[9*]n1cnc2c(N)ncnc21,1
5705,No ,[13*]C1CCCCC(=O)N1,1
5706,No ,[5*]N1CCCOc2ccc(C)cc21,1
5707,No ,[5*]N1CCCC12CCCCCC2,1
5708,No ,[16*]c1cc(=O)oc2cc(C)ccc12,1
5709,No ,[16*]c1csnc1C,1
5710,No ,[5*]N1CCCc2c([16*])ccc(C)c21,1
5711,No ,[12*]S(=O)(=O)c1cc(C)c([14*])s1,1
5712,No ,[15*]C1C2CCC(C2)C1[15*],1
5713,No ,[16*]c1cccc2c1oc(=O)n2C,1
5714,No ,[14*]c1nc2cc(C)ccc2o1,1
5715,No ,[16*]c1ccnc2ccsc12,1
5716,No ,[16*]c1ccc(F)c(Cl)c1F,1
5717,No ,[5*]N1CCS(=O)(=O)CC1,1
5718,No ,[5*]N1CC=C(c2ccnc3[nH]ccc23)CC1,1
5719,No ,[16*]c1ccc(O)c(F)c1,1
5720,No ,[12*]S(=O)(=O)c1ccc(C)c(Cl)c1,1
5721,No ,[14*]c1ncc2n1CCC([15*])C2,1
5722,No ,[14*]c1n[nH]c(C)n1,1
5723,No ,[4*]C([8*])CO,1
5724,No ,[14*]c1cc([16*])c2cc(F)ccc2n1,1
5725,No ,[5*]N1CC([13*])O[C@H](C)C1,1
5726,No ,[12*]S(=O)(=O)c1ccccn1,1
5727,No ,[5*]N1CC=C(c2cncc3ccccc23)CC1,1
5728,No ,[14*]c1nc2c(Cl)cc(Cl)cc2c(=O)[nH]1,1
5729,No ,[15*]C1(C)CCC1,1
5730,No ,[12*]S(=O)(=O)c1cc2c3c(c1)CCC(=O)N3CCC2,1
5731,No ,[4*]C1([15*])Cc2ccccc2C1,1
5732,No ,[8*]CS(=O)(=O)c1ncc(C)cn1,1
5733,No ,[1*]C(=O)[C@@H](N)C(C)C,1
5734,No ,[5*]N1Cc2ccccc2C1,1
5735,No ,[5*]N1CCCC(C)(C)C1,1
5736,No ,[15*]C1(C)CCOCC1,1
5737,No ,[14*]c1nc(C)nc2ccc([16*])cc12,1
5738,No ,[8*]CC1OCCc2ccccc21,1
5739,No ,[14*]c1c(Cl)cnn1C,1
5740,No ,[4*][C@H]([8*])C(=O)O,1
5741,No ,[15*]C1(O)CCCCCC1,1
5742,No ,[5*]N1CCn2cnnc2C1C,1
5743,No ,[12*]S(=O)(=O)c1cc(C)c(Cl)cc1Cl,1
5744,No ,[8*]CS(=O)(=O)c1nc([14*])n[nH]1,1
5745,No ,[8*]CS(=O)(=O)C([8*])C,1
5746,No ,[12*]S(=O)(=O)c1ccc(F)c(C)c1,1
5747,No ,[14*]c1cc(C)n2nc([14*])nc2n1,1
5748,No ,[14*]c1ncnc2cccc(F)c12,1
5749,No ,[16*]c1ccc(O)c(C)c1,1
5750,No ,[1*]C(=O)C(N)C(C)C,1
5751,No ,[5*]N1CCC2(CCCC2)CC1,1
5752,No ,[16*]c1ccnc2c(F)cc(F)cc12,1
5753,No ,[14*]c1nc2scc(C)c2c(=O)[nH]1,1
5754,No ,[5*]N1CCOC2(CCC2)C1,1
5755,No ,[1*]C(=O)[C@H]([4*])[8*],1
5756,No ,[16*]c1cccc(C)c1O,1
5757,No ,[5*]N[C@H]1c2ccccc2C[C@H]1O,1
5758,No ,[9*]n1nc(C#N)c2ccccc21,1
5759,No ,[14*]c1nc(C)nc2scc(C)c12,1
5760,No ,[5*]NC(=NC[8*])NC,1
5761,No ,[5*]NC1CCCc2cc([16*])ccc21,1
5762,No ,[14*]c1ccc(Cl)c([14*])n1,1
5763,No ,[5*]N1CCOCC12CCCC2,1
5764,No ,[14*]c1ncnc2[nH]c(C)c(C)c12,1
5765,No ,[4*]C1(C)CCOCC1,1
5766,No ,[14*]c1[nH]c(=O)ncc1F,1
5767,No ,[16*]c1c(C)oc2ccccc12,1
5768,No ,[14*]c1nc2nc(C)c(C)c(C)n2n1,1
5769,No ,[14*]c1sc2nnc(C)c(C)c2c1N,1
5770,No ,[16*]c1cc([16*])cc(C#N)c1,1
5771,No ,[14*]c1ncnc2c(C)cccc12,1
5772,No ,[5*]N1CCC2(C1)NC(=O)N([10*])C2=O,1
5773,No ,[5*]N(C)C1c2cc(Cl)cc(Cl)c2CC1O,1
5774,No ,[14*]c1ncnc([14*])c1F,1
5775,No ,[14*]c1nc2c(C)ccnc2[nH]1,1
5776,No ,[5*]N1CCC(C)C1[13*],1
5777,No ,[10*]N1C(=O)C2CCCCCN2C1=O,1
5778,No ,[4*]CC(C)CC,1
5779,No ,[14*]c1cc2cc(C)c(C)cc2o1,1
5780,No ,[15*]C1(C)CCNC1,1
5781,No ,[16*]c1ccc2[nH]ncc2c1,1
5782,No ,[8*]CC(O)C(C)C,1
5783,No ,[5*]N1C[C@@H](C)N([5*])[C@@H](C)C1,1
5784,No ,[16*]c1c(C)c(C)nc2ccc(F)cc12,1
5785,No ,[14*]c1nc2ncc(Br)cc2[nH]1,1
5786,No ,[16*]c1ccc2nnn(C)c2c1,1
5787,No ,[14*]c1nnc(C)c(C)n1,1
5788,No ,[5*]N1CCC2CCCC21,1
5789,No ,[9*]n1ccc(C)c(C#N)c1=O,1
5790,No ,[14*]c1cnc(S)[nH]1,1
5791,No ,[16*]c1cc([16*])cc(Cl)c1,1
5792,No ,[1*]C(=O)CC1CCc2ccccc21,1
5793,No ,[5*]N1CC(C)N([5*])C(C)C1,1
5794,No ,[14*]c1ccc(=O)n(C)n1,1
5795,No ,[16*]c1cccc(Br)c1C,1
5796,No ,[15*]C1(C#N)CCC1,1
5797,No ,[5*]NC1CCCc2cn([9*])nc21,1
5798,No ,[8*]CS(=O)c1ccc(Cl)c(Cl)c1,1
5799,No ,[4*]CC1CCc2ccccc21,1
5800,No ,[9*]n1c(Cl)cccc1=O,1
5801,No ,[14*]c1cc2cccc(Br)c2o1,1
5802,No ,[5*]N1CCOCC12CCC2,1
5803,No ,[12*]S(=O)(=O)c1cnc2ccccc2c1,1
5804,No ,[16*]c1c[nH]c(=O)cc1C,1
5805,No ,[14*]c1nc(N)c2c(C)c(C)sc2n1,1
5806,No ,[8*]CS(=O)(=O)c1ccc2ccccc2n1,1
5807,No ,[9*]n1c([14*])nc2cc(C)ccc21,1
5808,No ,[9*]n1c([14*])nc([14*])c1Cl,1
5809,No ,[9*]n1nc([14*])c2c(C)onc2c1=O,1
5810,No ,O=C1CN=C(c2ccccc2)c2ccc(Cl)cc2N1,1
5811,No ,[5*]N1CCc2[nH]c3ccc(C)cc3c2C1,1
5812,No ,[16*]c1ccc2[nH]c(=O)[nH]c2c1,1
5813,No ,[16*]c1cc(F)c(S(C)(=O)=O)c(F)c1,1
5814,No ,[15*]C1CCCNCC1,1
5815,No ,O=C1CN=C(c2cccc(Cl)c2)c2cc(Br)ccc2N1,1
5816,No ,[16*]c1cc(F)cc(F)c1[16*],1
5817,No ,[12*]S(=O)(=O)c1ccc(Cl)s1,1
5818,No ,[16*]c1cc(Br)c(F)cc1Cl,1
5819,No ,[15*]C1CC1C1CCC1,1
5820,No ,[8*]CS(=O)(=O)c1nc([14*])c(C)[nH]1,1
5821,No ,[5*]N1CCN(C)c2ccncc21,1
5822,No ,[1*]C(=O)CC([4*])C,1
5823,No ,[4*]CC[7*],1
5824,No ,[16*]c1ccc2c(c1)CCN2C,1
5825,No ,[5*]N1CC(C(N)=O)c2ccccc21,1
5826,No ,[16*]c1ccc(O)cc1F,1
5827,No ,[5*]N1CCCc2c(N)cccc21,1
5828,No ,[16*]c1ccc(S(N)(=O)=O)c(F)c1,1
5829,No ,[8*]CCC(O)C[8*],1
5830,No ,[5*]N1CCC12CCC2,1
5831,No ,[5*]N1CC(C)NC(C)C1,1
5832,No ,[5*]N1Cc2cc([16*])ccc2CC1[13*],1
5833,No ,[8*]C(C)(C)C(=O)O,1
5834,No ,[1*]C(=O)CC([1*])=O,1
5835,No ,[1*]C(=O)C(N)C[8*],1
5836,No ,[16*]c1ccn2ccnc2c1,1
5837,No ,[16*]c1ccc([16*])c(Cl)c1[16*],1
5838,No ,[5*]N1CCN2C(=O)N([10*])C(=O)C2C1,1
5839,No ,[16*]c1c(F)c(F)cc(F)c1F,1
5840,No ,[16*]c1cc(Cl)nc2ccccc12,1
5841,No ,[9*]n1cnc2c1c(=O)n(C)c(=O)n2[9*],1
5842,No ,[8*]C(C)(C)S(=O)(=O)c1ccc(Br)cc1,1
5843,No ,[4*]C(C)(C)C[8*],1
5844,No ,[14*]c1ncc([16*])cc1C,1
5845,No ,[16*]c1ccc(I)nc1,1
5846,No ,[16*]c1cc2ccncc2cc1[16*],1
5847,No ,[10*]N1C(=O)CC(C)C1=O,1
5848,No ,[12*]S(=O)(=O)c1cc([16*])ccc1Cl,1
5849,No ,[5*]N1CCCc2c(C)cc(C)cc21,1
5850,No ,[5*]N1CCOC(C)C1C,1
5851,No ,[15*]C1CCC(C)C(C)C1,1
5852,No ,[5*]N1CCOc2nc(C)ccc21,1
5853,No ,[14*]c1nc(C)nc2sc3c(c12)CCC(C)C3,1
5854,No ,[12*]S(=O)(=O)c1cc2c(cc1F)NC(=O)CC2,1
5855,No ,[14*]c1[nH]nc2ccccc12,1
5856,No ,[5*]N1CCNC(C)C1,1
5857,No ,[5*]N1CCOC(C2CCCO2)C1,1
5858,No ,[14*]c1nc([14*])c([16*])c(C)n1,1
5859,No ,[16*]c1ccc2nc3n(c2c1)CCC3,1
5860,No ,[5*]NC=O,1
5861,No ,[14*]c1ccno1,1
5862,No ,[10*]N1C(=O)NC2(CCc3ccccc3C2)C1=O,1
5863,No ,[15*][C@@H]1CCCC[C@H]1[15*],1
5864,No ,[16*]c1cc2nn[nH]c2cc1[16*],1
5865,No ,[12*]S(=O)(=O)c1cc(C)ccc1Cl,1
5866,No ,[15*]C1C(C)C([15*])C1(C)C,1
5867,No ,[12*]S(=O)(=O)c1ccc(Cl)cc1F,1
5868,No ,[4*]C1(C)CCCCC1,1
5869,No ,[8*]CS(=O)c1nc(C)c(C)s1,1
5870,No ,[12*]S(=O)(=O)c1cc(C)c(F)cc1F,1
5871,No ,[15*]C1CC(F)(F)C1,1
5872,No ,[5*]NC1CCCOc2ccccc21,1
5873,No ,[16*]c1c(C)cccc1F,1
5874,No ,[5*]N1CC2CCCN2CC1C,1
5875,No ,[8*]CCC(=O)N1CCCO1,1
5876,No ,[14*]c1nccn2c(C)nnc12,1
5877,No ,[15*]C1(C2CC2)CCC1,1
5878,No ,[14*]c1nc2ccc(F)cc2c(=O)[nH]1,1
5879,No ,[1*]C(=O)CC(C)(C)C(=O)O,1
5880,No ,[5*]NC1CC2(CCCC2)Oc2ccccc21,1
5881,No ,[16*]c1cc(Cl)c(O)c(Cl)c1,1
5882,No ,[4*]C(C)C(C)O,1
5883,No ,[14*]c1nc([14*])nc([14*])n1,1
5884,No ,[8*]CS(=O)(=O)c1cnn[nH]1,1
5885,No ,[5*]NC1CC(C)(C)Oc2ccccc21,1
5886,No ,[15*]C1CC([15*])C12CCCC2,1
5887,No ,[5*]N1CCC2(O)CCCCC2C1,1
5888,No ,[5*]N1Cc2ccccc2-c2ccccc2C1,1
5889,No ,[5*]N1CCCc2ccc(F)c(F)c21,1
5890,No ,[8*]CS(=O)(=O)c1cnccn1,1
5891,No ,[9*]n1cc(Br)cc([N+](=O)[O-])c1=O,1
5892,No ,[1*]C(=O)CN1C(=O)CCCc2ccccc21,1
5893,No ,[16*]c1cnc2snc(C)c2c1,1
5894,No ,[5*]N1CCCCc2c([16*])cccc21,1
5895,No ,[13*][C@@H]1NC(=O)CC[C@H]1[15*],1
5896,No ,[4*]CC([8*])(C)C,1
5897,No ,[5*]N1CC2CCCC2([15*])C1,1
5898,No ,[15*]C1(C2CC2)CC1,1
5899,No ,[5*]N1CCCNC(=O)C1C,1
5900,No ,[13*][C@H]1OCCC[C@@H]1[15*],1
5901,No ,[5*]NC1CCN([5*])c2ccc([16*])cc21,1
5902,No ,Cc1ccc2c(c1)NC(=O)CN=C2c1ccccc1,1
5903,No ,[16*]c1cc(C)nc2c1cnn2C,1
5904,No ,[16*]c1cnn2ccccc12,1
5905,No ,[5*]NC1CCOc2c(C)cc(C)cc21,1
5906,No ,[16*]c1ccc2sncc2c1,1
5907,No ,[5*]N1C2CCC1CC(O)C2,1
5908,No ,[5*]N1CCC[C@@H](N)C1,1
5909,No ,[14*]c1ncc[nH]c1=O,1
5910,No ,[5*]N1CC(=O)Nc2cc(C)ccc2C1c1ccccc1,1
5911,No ,[4*]C([8*])C#N,1
5912,No ,[16*]c1ccc(S(=O)(=O)c2ccc(C)cc2)cc1,1
5913,No ,[16*]c1cncc(Cl)c1Cl,1
5914,No ,[14*]c1ncnc2cc(F)c([16*])cc12,1
5915,No ,[5*]N1CCC(C2CCOCC2)CC1,1
5916,No ,[1*]C(=O)CCC,1
5917,No ,[16*]c1ccnc2cc(F)ccc12,1
5918,No ,[14*]c1cc2cc([16*])ccc2o1,1
5919,No ,[14*]c1nc[nH]n1,1
5920,No ,[9*]n1nc([14*])cc([16*])c1=O,1
5921,No ,[5*]N1CCc2c(F)cc(F)cc2C1,1
5922,No ,[14*]c1nc2cccnc2s1,1
5923,No ,[16*]c1cnccc1C,1
5924,No ,[5*]N1CCCC2CCCC(C)C21,1
5925,No ,[14*]c1[nH]c(C)c([16*])c1C,1
5926,No ,[8*]CC(=O)n1ccccc1=NC(C)C,1
5927,No ,[9*]n1cnc([N+](=O)[O-])c1,1
5928,No ,[14*]c1nc2c(C)cc(C)cc2c(=O)o1,1
5929,No ,[10*]N1N=C(C)C([15*])C1=O,1
5930,No ,[5*]N1CC(C)OCC1[13*],1
5931,No ,[14*]c1cc(=O)c2ccccc2o1,1
5932,No ,[12*]S(=O)(=O)c1ccc2oc(=O)ccc2c1,1
5933,No ,[16*]c1ccc(Cl)cc1[N+](=O)[O-],1
5934,No ,[16*]c1ccc2c(c1)C(=O)c1ccccc1-2,1
5935,No ,[14*]c1nnc(C)[nH]1,1
5936,No ,[5*]N1CC(C)(C)C1[13*],1
5937,No ,[14*]c1nc2c(Br)cc(Br)cc2c(=O)[nH]1,1
5938,No ,Cl.N#Cc1cccc(C2NCCc3c2[nH]c2ccccc32)c1,1
5939,No ,[12*]S(=O)(=O)c1ccc(C)cc1Br,1
5940,No ,[10*]N1C(=O)CC2(CCCC2)C1=O,1
5941,No ,[13*]C1Nc2ccccc2C(=O)N1C,1
5942,No ,[9*]n1cnc2ncc(Br)cc21,1
5943,No ,[5*]N1CCOc2ccncc21,1
5944,No ,[9*]n1cc2ccc([16*])cc2n1,1
5945,No ,[9*]n1cnc2ccc(Cl)cc2c1=O,1
5946,No ,[16*]c1c(N)sc2ccccc2c1=O,1
5947,No ,[9*]n1c(C)nc2c(c(C)c(C)n2[9*])c1=O,1
5948,No ,[5*]N1CC(c2ccccc2Cl)c2c([nH]c3ccccc23)C1C,1
5949,No ,[14*]c1cnc([14*])cn1,1
5950,No ,[4*]CCC(F)(F)F,1
5951,No ,[16*]c1cc(C#N)ccc1C,1
5952,No ,[5*]N1CCOc2cc(C)ccc21,1
5953,No ,[9*]n1c(=O)cc([16*])c2ccc([16*])cc21,1
5954,No ,[5*]N1c2ccc([16*])cc2CC1C,1
5955,No ,[9*]n1cnc2sc(C)c(C)c2c1=O,1
5956,No ,[5*]N1c2ccccc2OCC1[13*],1
5957,No ,[16*]c1c(=O)c2ccccc2n2cc(C)[nH]c12,1
5958,No ,[14*]c1nc2ccccn2c1C,1
5959,No ,[14*]c1cc(=O)n2nc([14*])sc2n1,1
5960,No ,[12*]S(=O)(=O)c1ccc(Cl)c(C)c1,1
5961,No ,[12*]S(=O)(=O)c1cc([16*])c(C)cc1C,1
5962,No ,[9*]n1c(=O)[nH]c(=O)c2c([14*])nc([14*])nc21,1
5963,No ,[9*]n1ncc2ccc([N+](=O)[O-])cc21,1
5964,No ,[12*]S(=O)(=O)c1ccc(F)cc1[16*],1
5965,No ,[5*]N1CCc2cc([16*])c([16*])cc2C1CC(=O)O,1
5966,No ,[14*]c1nc2cc([16*])c([16*])cc2c(=O)[nH]1,1
5967,No ,[9*]n1c([14*])nc2ccc([16*])cc21,1
5968,No ,[9*]n1c([14*])nc(C)c1C,1
5969,No ,[8*]C([8*])CC(N)=O,1
5970,No ,[8*]CS(=O)c1ccccc1[16*],1
5971,No ,[16*]c1ccc2nnnn2c1,1
5972,No ,[14*]c1cc(C)ns1,1
5973,No ,[16*]c1ccc(S(=O)(=O)n2nnc3ccccc32)cc1[16*],1
5974,No ,[14*]c1n[nH]c(C)c1[N+](=O)[O-],1
5975,No ,[16*]c1ccc(F)cc1S(=O)(=O)n1nnc2ccccc21,1
5976,No ,[16*]c1cnccc1O,1
5977,No ,[16*]c1ccc2c(c1)COCO2,1
5978,No ,[13*]C1OCCC1[15*],1
5979,No ,[15*]C1([15*])COC1,1
5980,No ,[8*]CN1C(=O)c2cccc3cccc1c23,1
5981,No ,[14*]c1onc(C)c1C,1
5982,No ,[16*]c1ccc2c(c1)n(C)c(=O)n2C,1
5983,No ,[9*]n1ccc(=O)n(C)c1=O,1
5984,No ,[9*]n1c2c(=O)n(C)c(=O)n(C)c2n2c([14*])nnc12,1
5985,No ,[14*]c1cnnc([14*])n1,1
5986,No ,[15*]C1C2CCCOC2C1(C)C,1
5987,No ,[9*]n1cc([N+](=O)[O-])c([14*])n1,1
5988,No ,[5*]N1CCOC2CCCC21,1
5989,No ,[16*]c1c[nH]nc1C,1
5990,No ,[14*]c1cnc2ccc(Cl)cn12,1
5991,No ,[9*]n1ccc(=O)[nH]c1=O,1
5992,No ,[9*]n1c([14*])nc2c(cnn2[9*])c1=O,1
5993,No ,[14*]c1nnc2n(C)c3c(=O)n(C)c(=O)n(C)c3n12,1
5994,No ,[16*]c1ccc2oc(C)c([16*])c2c1,1
5995,No ,[5*]N1[C@H](C)CCC[C@@H]1C,1
5996,No ,[9*]n1cc([N+](=O)[O-])cc(C#N)c1=O,1
5997,No ,[8*]CS(=O)(=O)c1ccc([16*])cn1,1
5998,No ,[12*]S(=O)(=O)c1cc([N+](=O)[O-])ccc1C,1
5999,No ,[16*]c1cc2c3c(c1)CC(=O)N3CCC2,1
6000,No ,[16*]c1cc2c(cc1Cl)NC(=O)CO2,1
6001,No ,[14*]c1nnc2ccc(Cl)nn12,1
6002,No ,[9*]n1c(S(C)(=O)=O)nc2ccccc21,1
6003,No ,[14*]c1nc(C)cc(C)c1C#N,1
6004,No ,[15*]C1CN2CCC1CC2,1
6005,No ,[16*]c1cc(=O)oc2c(C)c(C)ccc12,1
6006,No ,[14*]c1nc2cc(C)ccc2[nH]1,1
6007,No ,[14*]c1cc([16*])c(C)o1,1
6008,No ,[9*]n1nc([14*])nc1S,1
6009,No ,[14*]c1sc2sccc2c1Cl,1
6010,No ,[14*]c1nc2scc([16*])c2c(=O)n1C,1
6011,No ,[14*]c1nc2ccc(Cl)cc2o1,1
6012,No ,[9*]n1cc([N+](=O)[O-])cn1,1
6013,No ,[9*]n1nc([14*])c2c1CCCCC2,1
6014,No ,[9*]n1cnc2oc(C)c([16*])c2c1=O,1
6015,No ,[16*]c1cc2ccc(Cl)cc2nc1C,1
6016,No ,[9*]n1cnc2cc(F)ccc2c1=O,1
6017,No ,[5*]N1c2ccc([16*])cc2C(C)CC1(C)C,1
6018,No ,[5*]N1CCCS1(=O)=O,1
6019,No ,[16*]c1cc(C)ccc1Cl,1
6020,No ,[9*]n1ncc(C#N)c1[14*],1
6021,No ,[12*]S(=O)(=O)c1cc(C)ccc1F,1
6022,No ,[16*]c1cc(Cl)cc(Cl)c1[16*],1
6023,No ,[14*]c1nc(C)c(C)c(C)c1[16*],1
6024,No ,[14*]c1nc2ccccc2c(C)c1C#N,1
6025,No ,[5*]N1CCCc2c(F)ccc(F)c21,1
6026,No ,[14*]c1sc2c(c1[16*])CCC2,1
6027,No ,[14*]c1ncc(Cl)s1,1
6028,No ,[14*]c1[nH]ncc1[16*],1
6029,No ,[9*]n1c2c(sc1=O)CC([15*])CC2,1
6030,No ,[14*]c1n[nH]c([14*])c1Br,1
6031,No ,[5*]N1CCOc2ccc(F)cc21,1
6032,No ,[14*]c1cn2c(n1)CCCC2,1
6033,No ,[16*]c1ccc2c(c1)C(=O)N(C)C2=O,1
6034,No ,[14*]c1oc2c(C)ccc(C)c2c1C,1
6035,No ,[14*]c1cc(Cl)c(Cl)n1C,1
6036,No ,[16*]c1cnc2ccccc2c1O,1
6037,No ,[14*]c1nc(C)nc2c1CCCC2,1
6038,No ,[16*]c1cc(C)nc2cc(Br)ccc12,1
6039,No ,[14*]c1ncncc1Br,1
6040,No ,[4*]C1([15*])CCN(C)CC1,1
6041,No ,[5*]N1c2ccccc2NC(=O)C1C,1
6042,No ,[8*]CS(=O)(=O)c1nnc2ccc([16*])cn12,1
6043,No ,[16*]c1cc([N+](=O)[O-])cc2c1OCOC2,1
6044,No ,[14*]c1cc2c(s1)CCCCC2,1
6045,No ,[9*]n1cccc1[14*],1
6046,No ,[8*]CCS(=O)c1cc(Cl)ccc1Cl,1
6047,No ,[14*]c1ccc(C#N)c(C)n1,1
6048,No ,[1*]C(=O)CC([8*])C(F)(F)F,1
6049,No ,[10*]N1C(=O)c2ccccc2NC1[13*],1
6050,No ,[1*]C(=O)CC1=CCCCC1,1
6051,No ,[5*]N1CCC(C)(O)CC1,1
6052,No ,[5*]N1CCC([7*])CC1,1
6053,No ,[16*]c1c(F)cccc1I,1
6054,No ,[9*]n1c(=O)c2c(nc([14*])n2C)n(C)c1=O,1
6055,No ,[5*]NC1COc2ccccc21,1
6056,No ,[16*]c1cc(C)c(Cl)c(C)c1,1
6057,No ,[4*]C(C)C(F)(F)F,1
6058,No ,[8*]CC(C)=O,1
6059,No ,[16*]c1cc(F)c(C)cc1F,1
6060,No ,[14*]c1cc(=O)n2c(C)cccc2n1,1
6061,No ,O=C1C(=C2Nc3ccccc3S2)Sc2ccccc21,1
6062,No ,[16*]c1ccc(S(C)(=O)=O)c([16*])c1,1
6063,No ,[16*]c1c(C)[nH]c2ccnn2c1=O,1
6064,No ,[16*]c1ccc2c(c1)NC(=O)C2,1
6065,No ,[15*]C1COCCC1(C)O,1
6066,No ,[16*]c1cn(C)c(=O)[nH]c1=O,1
6067,No ,[5*]NC1COc2c1ccc(C)c2C,1
6068,No ,[14*]c1cc(=O)c([16*])co1,1
6069,No ,[4*]C(CC)C(=O)O,1
6070,No ,[5*]N1CCC2CCN(C)CC21,1
6071,No ,[14*]c1ncnc2onc(C)c12,1
6072,No ,[5*]N1Cc2ccc([16*])cc2C1,1
6073,No ,[15*]C1CN(C)CC1C,1
6074,No ,[14*]c1nccc([16*])c1N,1
6075,No ,[16*]c1cc2ccccc2nc1O,1
6076,No ,[16*]c1cnc2n[nH]c(C)c2c1,1
6077,No ,[5*]N1CCNC(=O)c2ccccc21,1
6078,No ,[4*]C(C)C(=O)O,1
6079,No ,[9*]n1ccc(C)cc1=O,1
6080,No ,[5*]N1CCC(=O)Nc2cc(F)ccc21,1
6081,No ,[13*]C1CC(=O)c2cc(Cl)ccc2O1,1
6082,No ,[5*]N1CCc2ccc(Cl)cc21,1
6083,No ,[9*]n1c([14*])nc2cc([16*])c([16*])cc2c1=O,1
6084,No ,[16*]c1ccc(C)cc1[N+](=O)[O-],1
6085,No ,[16*]c1ccc(C)c(S(N)(=O)=O)c1,1
6086,No ,Oc1ccc2c(c1)CN(C1CCCc3ccccc31)CC2,1
6087,No ,[16*]c1ccc2c(c1)CC(=O)N2,1
6088,No ,[1*]C(=O)[C@@H](O)C[8*],1
6089,No ,[1*]C(=O)CCS(=O)(=O)c1ccc2c(c1)CCC2,1
6090,No ,[5*]N1C[C@@H]2CN(C)C[C@@H]2C1,1
6091,No ,[16*]c1cccc2[nH]cnc12,1
6092,No ,[16*]c1cc(C)cc(F)c1,1
6093,No ,[13*][C@H]1C[C@H]([15*])CN1,1
6094,No ,[4*]CC(O)C(F)(F)F,1
6095,No ,[5*]N1CC([15*])C2CCCC21,1
6096,No ,[15*][C@@H]1COC[C@@H]1[15*],1
6097,No ,[12*]S(=O)(=O)c1ccoc1,1
6098,No ,[14*]c1ncnc(N)c1Cl,1
6099,No ,[10*]N1C(=O)C(=O)N([10*])C1=O,1
6100,No ,[16*]c1cc2c(cc1Cl)OCO2,1
6101,No ,[16*]c1ccncc1C,1
6102,No ,[14*]c1nn(C)c([14*])c1C,1
6103,No ,[14*]c1nc2cc(Cl)ccc2c(=O)[nH]1,1
6104,No ,[4*]C1([15*])CCCCCC1,1
6105,No ,[4*]CC1c2ccccc2-c2ccccc21,1
6106,No ,[5*]N1CCCC[C@H]1[13*],1
6107,No ,[5*]N1CCCc2n[nH]cc21,1
6108,No ,[14*]c1nc2ccc(O)cc2o1,1
6109,No ,[14*]c1nc2cc(Cl)cc(Cl)c2[nH]1,1
6110,No ,[14*]c1ncsc1Cl,1
6111,No ,[9*]n1nc(C)c2cc(N)cnc21,1
6112,No ,[16*]c1cc(F)cc2nc(C)c(C)nc12,1
6113,No ,O=S(=O)(c1ccc(Br)c2ccccc12)n1nnc2ccccc21,1
6114,No ,[1*]C(=O)CC1CCOc2ccccc21,1
6115,No ,[16*]c1cc[nH]c(=O)c1,1
6116,No ,[14*]c1nccn2nnnc12,1
6117,No ,[15*]C1(C)CC(=O)NC1=O,1
6118,No ,[15*]C1CNc2ccnn2C1,1
6119,No ,[5*]N1CCn2c(nc(C)c2C)C1,1
6120,No ,[14*]c1nnc2ccc(Cl)cn12,1
6121,No ,[16*]c1cccc(N)c1,1
6122,No ,[14*]c1nc2c([16*])cc(F)cc2s1,1
6123,No ,[15*][C@H]1C[C@@H]([15*])C1,1
6124,No ,[14*]c1noc2ccc([16*])cc12,1
6125,No ,[13*]C1NCCNC1=O,1
6126,No ,[14*]c1ncn[nH]1,1
6127,No ,[16*]c1cnc2c(c1)COCC2,1
6128,No ,[9*]n1nc(C)sc1=O,1
6129,No ,[12*]S(=O)(=O)c1cnc2n1CCC2,1
6130,No ,[6*]C(=O)CCC(=O)O,1
6131,No ,[16*]c1c(Br)cc(C)cc1Br,1
6132,No ,[4*]C1(C)CCCC1,1
6133,No ,[13*]C1CN(C)CCN1C,1
6134,No ,[14*]c1nc2nc(C)c([16*])c(C)n2n1,1
6135,No ,[12*]S(=O)(=O)c1cc(F)ccc1F,1
6136,No ,[8*]CS(=O)(=O)c1ccc(Cl)c([16*])c1,1
6137,No ,[5*]N1CCN([5*])C([13*])C1,1
6138,No ,[16*]c1ccc(N)cc1Cl,1
6139,No ,[5*]N1CCn2c1nc1c2c(=O)n(C)c(=O)n1C,1
6140,No ,[16*]c1ccc2c[nH]nc2c1,1
6141,No ,[5*]N1CC[C@@H]([15*])C1,1
6142,No ,[14*]c1sc2ccc([16*])cc2c1C,1
6143,No ,[14*]c1cc(C)c2ccc([16*])cc2n1,1
6144,No ,[14*]c1nc2ccc(C)cc2c(=O)n1C,1
6145,No ,[1*]C(=O)C([4*])([8*])C,1
6146,No ,[14*]c1cc2c([14*])nc(C)nc2s1,1
6147,No ,[14*]c1nc(N)nc2nc[nH]c12,1
6148,No ,[8*]CS(=O)(=O)c1ccccn1,1
6149,No ,[5*]N1CCN([5*])C2(CCCCC2)C1,1
6150,No ,[9*]n1cc2cnn([9*])c(=O)c2n1,1
6151,No ,[5*]NC1CS(=O)(=O)c2ccccc21,1
6152,No ,[5*]N1CC2CCCC([15*])(C1)C2O,1
6153,No ,[16*]c1c[nH]c2cc(C)ccc12,1
6154,No ,[4*]C(CO)CO,1
6155,No ,[5*]N1CCc2nn(C)c(=O)cc2C1,1
6156,No ,[16*]c1cc(C)nc2c([16*])cccc12,1
6157,No ,[14*]c1nc2ccccn2c1N,1
6158,No ,[14*]c1sc(C)c(Br)c1[16*],1
6159,No ,[14*]c1nc2n(n1)CCCN2,1
6160,No ,[14*]c1nc2c(s1)CC([15*])CC2,1
6161,No ,[15*]C1CCN(C)C(C)C1,1
6162,No ,[14*]c1c[nH]c(=O)n1C,1
6163,No ,[10*]N1C(=O)c2ccc(F)cc2C1=O,1
6164,No ,[5*]N1CCC(=O)N(C)c2cc(F)ccc21,1
6165,No ,[16*]c1ccnc2cc(Br)ccc12,1
6166,No ,[8*]C(C)S(=O)(=O)c1nc(C)c([14*])[nH]1,1
6167,No ,[5*]N1CC2C3CCC(O3)C2C1,1
6168,No ,[14*]c1ncnc2cc([16*])ccc12,1
6169,No ,[14*]c1sc(C)c(C)c1C,1
6170,No ,[9*]n1c(=O)[nH]c2cc([16*])ccc2c1=O,1
6171,No ,[5*]N1CCC(=O)N(C[8*])c2ccccc21,1
6172,No ,[14*]c1nnc2n1CCN(C1CCCc3ccccc31)C2,1
6173,No ,[14*]c1n[nH]c([14*])c1[N+](=O)[O-],1
6174,No ,[5*]N1CCN(C)C(=O)C1,1
6175,No ,[10*]N1C(=O)CCCC1=O,1
6176,No ,[16*]c1ccc(Br)cc1O,1
6177,No ,[16*]c1cccc([16*])c1O,1
6178,No ,[5*]NC1CCc2cc(Cl)ccc21,1
6179,No ,[16*]c1cc(C)nc2[nH]nc(C)c12,1
6180,No ,[16*]c1c(Cl)ccc2cccnc12,1
6181,No ,[14*]c1nn2cnc3ccccc3c2nc1=O,1
6182,No ,[14*]c1nc2c3ccccc3ncn2n1,1
6183,No ,[16*]c1ccc(Cl)cc1Br,1
6184,No ,[5*]N1CCC1(C)C,1
6185,No ,[8*]CN1CCc2sccc2C1,1
6186,No ,[8*]CC([8*])C(=O)O,1
6187,No ,[9*]n1nc([14*])n(C)c1=S,1
6188,No ,[4*][C@@H]([8*])CO,1
6189,No ,[8*]CN1C(=O)CCc2ccccc21,1
6190,No ,[9*]n1c(=O)c2c(nc([14*])n2[9*])n(C)c1=O,1
6191,No ,[16*]c1ccc2ccn(C)c2c1,1
6192,No ,[14*]c1nc2c(c(=O)n(C)c(=O)n2C)n1C,1
6193,No ,[14*]c1ncnc2c1c(Br)nn2C,1
6194,No ,[16*]c1cccc(C=O)c1,1
6195,No ,[5*]N1C2CCC1c1ccccc12,1
6196,No ,[13*]C1C([15*])CCCN1C,1
6197,No ,[16*]c1c(N)n(C)c(=O)[nH]c1=O,1
6198,No ,[14*]c1c(Br)c2ccccc2n1C,1
6199,No ,[9*]n1c(C)cc(C)c(C#N)c1=O,1
6200,No ,[10*]N1CCN(C)C1=O,1
6201,No ,[5*]N1c2ccc(S(N)(=O)=O)cc2CC1C,1
6202,No ,[16*]c1ccc(C2NCCc3c2[nH]c2ccccc32)cc1[16*],1
6203,No ,[5*]N1CCCc2ccc([16*])cc21,1
6204,No ,[14*]c1nc2ccccc2c2nc(C)nn12,1
6205,No ,[12*]S(=O)(=O)c1ccc([N+](=O)[O-])c([16*])c1,1
6206,No ,[6*]C(=O)NOC,1
6207,No ,[9*]n1cc(C#N)c(=O)c2ccccc21,1
6208,No ,[5*]NC1c2ccccc2CCC1C,1
6209,No ,[9*]n1nnc2cc(Cl)c(Cl)cc21,1
6210,No ,[8*]CS[11*],1
6211,No ,[5*]NS(N)(=O)=O,1
6212,No ,[14*]c1cn2cc(C)nc2s1,1
6213,No ,[16*]c1cc(=O)oc2cc(C)c(C)cc12,1
6214,No ,[9*]n1cnc2ncccc2c1=O,1
6215,No ,[14*]c1[nH]c2ccc(C)cc2c1Cl,1
6216,No ,[12*]S(=O)(=O)c1c(F)cccc1F,1
6217,No ,[14*]c1nc(S(=O)(=O)c2ccccc2)c(S(=O)(=O)C(C)C)o1,1
6218,No ,[16*]c1ccc2c(c1)-c1ccccc1C2,1
6219,No ,[1*]C(=O)[C@@H]([4*])C,1
6220,No ,[5*]N1Cc2ccccc2N(C)CC1C,1
6221,No ,[16*]c1c(C)nc2ncnn2c1C,1
6222,No ,[4*]CCF,1
6223,No ,[8*]CS(=O)c1cccc(Br)c1,1
6224,No ,[1*]C(=O)CCC=C,1
6225,No ,[9*]n1nccc1[N+](=O)[O-],1
6226,No ,[5*]N1CCN2C(=O)CCC2C1,1
6227,No ,[9*]n1c(C)c(I)ccc1=O,1
6228,No ,[16*]c1cncc(Br)c1Cl,1
6229,No ,[5*]N1CCCC12CCCCC2,1
6230,No ,[15*]C1CCNC(=O)C1,1
6231,No ,[12*]S(=O)(=O)c1ccc2c(c1)CCO2,1
6232,No ,[14*]c1n[nH]c(=O)[nH]1,1
6233,No ,[5*]N1CCCC2CC(C)CCC21,1
6234,No ,[14*]c1nc2ccc(Br)cc2c(=O)[nH]1,1
6235,No ,[14*]c1ccc2cc(C#N)ccc2n1,1
6236,No ,[15*]C1CCc2ccccc2C1,1
6237,No ,[14*]c1nc2cc(N)ccc2[nH]1,1
6238,No ,[16*]c1cnoc1C,1
6239,No ,[14*]c1ccc(Cl)nn1,1
6240,No ,[8*]C(C)S(=O)(=O)c1nnc([14*])n1[9*],1
6241,No ,[5*]N1CC2(CCC2)c2c(F)cccc21,1
6242,No ,[15*][C@H]1CC[C@@H]([15*])CC1,1
6243,No ,[9*]n1cc([N+](=O)[O-])cc([16*])c1=O,1
6244,No ,[12*]S(=O)(=O)c1cccc(Cl)c1Cl,1
6245,No ,[8*]C(O)C(F)(F)F,1
6246,No ,[14*]c1cc2c(s1)-c1ccccc1OC2,1
6247,No ,[10*]N1C(=O)NC2(CCCCC2)C1=O,1
6248,No ,[14*]c1ncc(Cl)c(Cl)c1Cl,1
6249,No ,[15*]C1CC1C1CCCCC1,1
6250,No ,[1*]C(=O)C1CCCc2[nH]ncc21,1
6251,No ,[4*]CC([8*])(C)N,1
6252,No ,[14*]c1sc2ccccc2c1[16*],1
6253,No ,[5*]N1CCC([15*])(C)C1,1
6254,No ,[5*]N1CCOc2c(Cl)cccc21,1
6255,No ,[5*]N1CC=C(C)CC1,1
6256,No ,[14*]c1nc([14*])nc(C)n1,1
6257,No ,[16*]c1cn2ccccc2c1C#N,1
6258,No ,[4*]C1([15*])CCOCC1,1
6259,No ,[5*]N1CC2CCCC(C1)C2O,1
6260,No ,[16*]c1ccc(S(C)(=O)=O)cc1C,1
6261,No ,[4*]CC1CCOc2ccccc21,1
6262,No ,[5*]N1CCc2ccc(C#N)cc21,1
6263,No ,[14*]c1oc(C)c2c(C)n[nH]c(=O)c12,1
6264,No ,[16*]c1cc(=O)oc2cc(O)ccc12,1
6265,No ,[12*]S(=O)(=O)c1cc([16*])cc(C)c1C,1
6266,No ,[14*]c1nn2c(O)cc(C)nc2c1C,1
6267,No ,[9*]n1cc([16*])cc(C#N)c1=O,1
6268,No ,[14*]c1cc2nc(C)cc(O)n2n1,1
6269,No ,[9*]n1cnn([9*])c1=S,1
6270,No ,[14*]c1c(C)c(C)nc2c([16*])cnn12,1
6271,No ,[9*]n1nnn([9*])c1=S,1
6272,No ,[9*]n1ncn(C)c1=O,1
6273,No ,[5*]N1CC=C(c2ccc([16*])cc2)C1,1
6274,No ,[14*]c1nc([14*])c(C)c([14*])n1,1
6275,No ,[14*]c1sccc1Br,1
6276,No ,[5*]N1CCc2cncnc2C1,1
6277,No ,[5*]NC1CC2(CCC2)Oc2ccccc21,1
6278,No ,[14*]c1nc2cc(C)cc(C)c2o1,1
6279,No ,[12*]S(=O)(=O)c1ccc2c(c1)N(C)CCC2,1
6280,No ,[14*]c1cc(N)[nH]n1,1
6281,No ,[5*]N1CCC(C)C2(CCC2)C1,1
6282,No ,[5*]N1CCC2CN(C)CCC21,1
6283,No ,[5*]N1CCc2c(Cl)cccc2C1,1
6284,No ,[4*]C(C)(CO)CO,1
6285,No ,[14*]c1n[nH]c2c1CCC2,1
6286,No ,[1*]C(=O)C1=Cc2cccc([16*])c2OC1,1
6287,No ,[9*]n1cc([N+](=O)[O-])cc(C)c1=O,1
6288,No ,[14*]c1cncn1C,1
6289,No ,[9*]n1nc(Cl)c2ccccc21,1
6290,No ,[16*]c1coc(S(N)(=O)=O)c1,1
6291,No ,[16*]c1ccc2oc(=O)n(C)c2c1,1
6292,No ,[14*]c1cc2c(F)c(F)ccc2[nH]1,1
6293,No ,[5*]N1CCCCC2CCCCC21,1
6294,No ,[16*]c1cc(Cl)ccc1Br,1
6295,No ,[9*]n1cncc(Br)c1=O,1
6296,No ,[5*]NC1CCCc2nc(C)ncc21,1
6297,No ,[16*]c1cnc(C)nc1C,1
6298,No ,[12*]S(=O)(=O)c1cc(F)c(F)c(F)c1,1
6299,No ,[15*]C1CCOC2(CCOC2)C1,1
6300,No ,[1*]C(=O)C1=CCCCC1,1
6301,No ,[14*]c1cc([14*])nc(N)n1,1
6302,No ,[1*]C(=O)CCC[4*],1
6303,No ,[16*]c1cncc(C)c1O,1
6304,No ,[15*]C1CCn2ccnc2C1,1
6305,No ,[14*]c1oc(C)nc1C,1
6306,No ,[14*]c1nc2c(F)cc(F)cc2s1,1
6307,No ,[14*]c1cccc(Cl)n1,1
6308,No ,[16*]c1c(F)cc(Cl)cc1F,1
6309,No ,[5*]N1CCN(C)c2ncccc21,1
6310,No ,[5*]N1CCC([15*])([15*])C1,1
6311,No ,[5*]N1CCC2C(CCC(=O)N2[10*])C1,1
6312,No ,[15*]C1CCS(=O)CC1,1
6313,No ,[12*]S(=O)(=O)c1cc(C)c([16*])cc1C,1
6314,No ,[14*]c1nnc([14*])c(C#N)c1[16*],1
6315,No ,[4*]C1(C)CCc2ccccc2C1,1
6316,No ,[9*]n1nc(C)c(S([12*])(=O)=O)c1C,1
6317,No ,[1*]C(=O)C1CCCc2cccnc21,1
6318,No ,[14*]c1cc(Cl)nc(N)n1,1
6319,No ,[16*]c1ccc(Br)nc1Cl,1
6320,No ,[5*]N1CCCC12CCN(C)CC2,1
6321,No ,[5*]N1CCCc2cc(Cl)cc(Cl)c21,1
6322,No ,[8*]CC(C)O,1
6323,No ,[5*]NC1CC(C)c2ccccc21,1
6324,No ,[15*]C1CCOC1C,1
6325,No ,[8*]CS(=O)(=O)c1ccccc1C,1
6326,No ,[5*]N1CC(=O)N(C)c2ccccc21,1
6327,No ,[6*]C(=O)CC[8*],1
6328,No ,[16*]c1ccc([N+](=O)[O-])cc1[N+](=O)[O-],1
6329,No ,[4*]C(C)(C)CO,1
6330,No ,[9*]n1nc2ccc(N)cc2n1,1
6331,No ,[9*]n1nc2cc(C)c(N)cc2n1,1
6332,No ,[5*]N1CC(C)C(O)C1,1
6333,No ,[4*]CC(O)(CC)CC,1
6334,No ,[4*]C(C)CC[8*],1
6335,No ,[8*]CS(=O)(=O)C1CCc2c(F)cccc21,1
6336,No ,[5*]N1CCc2c(sc(N)c2C#N)C1,1
6337,No ,[5*]N1CC=C(c2cccnc2)CC1,1
6338,No ,[13*]C1CC([15*])CC(=O)N1,1
6339,No ,[1*]C(=O)CCC([6*])=O,1
6340,No ,[8*]CS(=O)(=O)c1nc([14*])cs1,1
6341,No ,[14*]c1ccc2ccc(Cl)c(Cl)c2n1,1
6342,No ,[14*]c1nc([14*])c([14*])o1,1
6343,No ,[16*]c1ccc2nc3n(c(=O)c2c1)CCCC3,1
6344,No ,[14*]c1cnc2n1CCCC2,1
6345,No ,[16*]c1cc(F)c([16*])c(F)c1,1
6346,No ,[16*]c1cnn2ccc(C)nc12,1
6347,No ,[16*]c1c(O)c(Cl)cc(Cl)c1Cl,1
6348,No ,[8*]C(C)(C)CC,1
6349,No ,[16*]c1c(Cl)ccc(C)c1Cl,1
6350,No ,[4*]CC([8*])[8*],1
6351,No ,[16*]c1cc(F)cc(Br)c1,1
6352,No ,[14*]c1c(Br)cnn1C,1
6353,No ,[16*]c1c(F)ccc(F)c1F,1
6354,No ,[14*]c1sc2c(c1C#N)CCC2,1
6355,No ,[10*]N1C(=O)C2C([15*])CCC(C)C2C1=O,1
6356,No ,[1*]C(=O)C(C)C[8*],1
6357,No ,[16*]c1cccc(C#C)c1,1
6358,No ,[14*]c1nn2c(NN)cc(C)nc2c1C,1
6359,No ,[16*]c1cc(Cl)nc(Cl)c1,1
6360,No ,[5*]NC1CCc2cc(C)ccc21,1
6361,No ,[16*]c1cc(C)c(F)cc1Cl,1
6362,No ,[16*]c1cc2[nH]ncc2cc1C,1
6363,No ,[9*]n1c([14*])nc2cc(S([12*])(=O)=O)ccc21,1
6364,No ,[8*]C(C#N)S(=O)(=O)c1ccc(C)c(C)c1,1
6365,No ,[16*]c1cc2c(cc1[N+](=O)[O-])OCO2,1
6366,No ,[16*]c1ccc(O)c(O)c1,1
6367,No ,[16*]c1c[nH]c(=O)c([16*])c1,1
6368,No ,[8*]CN1CCCc2cc(F)cc(F)c21,1
6369,No ,[9*]n1nc2ccccn2c1=S,1
6370,No ,[16*]c1ccc2c(c1)N(C)CCO2,1
6371,No ,[11*]SC1CCCCc2ccccc21,1
6372,No ,[12*]S(=O)(=O)c1ccc(F)cc1F,1
6373,No ,[14*]c1nnc2n(C)c(=O)c3ccccc3n12,1
6374,No ,[14*]c1cc2c(s1)CCC([15*])C2,1
6375,No ,[16*]c1cccc(C#Cc2cccs2)c1,1
6376,No ,[14*]c1cc2ccsc2[nH]1,1
6377,No ,[10*]N1C(=O)C2CCC(C)(C1=O)C2(C)C,1
6378,No ,[4*]CC1=Cc2ccccc2OC1,1
6379,No ,[8*]CC(=O)n1ccc(C)cc1=NC1CCCCC1,1
6380,No ,[16*]c1cccnc1Cl,1
6381,No ,[16*]c1coc2cc(C)cc(C)c12,1
6382,No ,[14*]c1nonc1[14*],1
6383,No ,[5*]N1CCN2CCC1CC2,1
6384,No ,[12*]S(=O)(=O)c1ccccc1S([12*])(=O)=O,1
6385,No ,[1*]C(=O)C([8*])(CC)CC,1
6386,No ,[14*]c1nc2ccc(N)cc2o1,1
6387,No ,[14*]c1ccncn1,1
6388,No ,[12*]S(=O)(=O)c1cccc(F)c1F,1
6389,No ,[16*]c1ccc(C)c(N)c1,1
6390,No ,[14*]c1nc(Cl)c(Cl)c(Cl)c1Cl,1
6391,No ,[12*]S(=O)(=O)c1cc([16*])cc([16*])c1,1
6392,No ,[9*]n1c([14*])nnc1S,1
6393,No ,[16*]c1c2c(nc3ccc(C)cc13)CCCC2,1
6394,No ,[16*]c1ccc(C)c([N+](=O)[O-])c1,1
6395,No ,[14*]c1snnc1C,1
6396,No ,[14*]c1[nH]c(C)cc1[16*],1
6397,No ,[5*]N1CCCC1C1CCCN1[5*],1
6398,No ,[4*]C(CC)C([6*])=O,1
6399,No ,[16*]c1cc2c(=O)c([16*])c(C)oc2cc1O,1
6400,No ,[5*]N1CC(=O)Nc2ccccc2C1c1ccc(C)cc1,1
6401,No ,[14*]c1nc(=O)c([14*])n[nH]1,1
6402,No ,[14*]c1nc(NNC(=O)CCC(=O)O)nc2cc(C)ccc12,1
6403,No ,[14*]c1c([16*])c2ccccc2n1C,1
6404,No ,[5*]N1CCOc2cc([16*])ccc21,1
6405,No ,[15*]C1CCCC(N)C1,1
6406,No ,[4*]C(C)C([6*])=O,1
6407,No ,[16*]c1ccc(S(N)(=O)=O)c(C)c1,1
6408,No ,[4*]CCC1=CCCCC1,1
6409,No ,[14*]c1ncnc2[nH]ccc12,1
6410,No ,[16*]c1cccn2ccnc12,1
6411,No ,[5*]N1CCC2(CCOCC2)C1,1
6412,No ,[12*]S(=O)(=O)c1cccs1,1
6413,No ,[16*]c1cc(C)nc2ccc(C)cc12,1
6414,No ,[10*]N1C(=O)c2ccccc2C1=O,1
6415,No ,[10*]N1CCOC1=O,1
6416,No ,[9*]n1nc([14*])c([16*])c(C#N)c1=O,1
6417,No ,[14*]c1nc(Cl)ccc1Cl,1
6418,No ,[16*]c1c(C)[nH]c2ccc(C)cc12,1
6419,No ,[14*]c1oc2c(C)cccc2c1C,1
6420,No ,[15*]C1([15*])CCNCC1,1
6421,No ,[15*]C1(C)CCCC1,1
6422,No ,[16*]c1ccc([N+](=O)[O-])c2cnccc12,1
6423,No ,[5*]N1CCc2ccccc2C1CN,1
6424,No ,[14*]c1cc(Cl)cn1C,1
6425,No ,[14*]c1n[nH]c(=O)n1C,1
6426,No ,[16*]c1ccc2nc(C)oc2c1,1
6427,No ,[14*]c1ccc(C)nn1,1
6428,No ,[14*]c1cc(=O)n(C)c(=O)n1C,1
6429,No ,[5*]N1CCc2cc(S(N)(=O)=O)ccc21,1
6430,No ,[5*]N1CC(=O)N([10*])C(C)(C)C1,1
6431,No ,[9*]n1nc(Br)c(=O)c2ccccc21,1
6432,No ,[14*]c1nc([14*])n(C)n1,1
6433,No ,[5*]N(C)C1CS(=O)(=O)c2ccc(Cl)cc21,1
6434,No ,[5*]N1CC(C)Oc2ncccc21,1
6435,No ,[9*]n1c(N)nc2c1c(=O)n(C)c(=O)n2C,1
6436,No ,[11*]SC1CCc2c(Cl)cc(Cl)cc21,1
6437,No ,[12*]S(=O)(=O)c1cc(C)c([16*])c(C)c1,1
6438,No ,[14*]c1n[nH]c([14*])c1C,1
6439,No ,[5*]N1CC(C)Oc2ccc(C)cc21,1
6440,No ,[16*]c1cccc2c1CCC2,1
6441,No ,[16*]c1ccc2c(c1)nnn2C,1
6442,No ,[16*]c1cc2ccccc2cc1[16*],1
6443,No ,[16*]c1ccnc2ccc(Cl)cc12,1
6444,No ,[14*]c1cn2cccc([16*])c2n1,1
6445,No ,[9*]n1cc([N+](=O)[O-])c(C)cc1=O,1
6446,No ,[5*]N1CCC(C(N)=O)c2ccccc21,1
6447,No ,[14*]c1cc(C)nc(N)n1,1
6448,No ,[16*]c1cnc(N)c(Cl)c1,1
6449,No ,[14*]c1nc(C)c2c(C)c([14*])sc2n1,1
6450,No ,[16*]c1cc(Cl)c([16*])c(Cl)c1,1
6451,No ,[14*]c1cc(=O)c2ccccc2[nH]1,1
6452,No ,[9*]n1c(C)c(Br)c2ccccc21,1
6453,No ,[12*]S(=O)(=O)c1cccc(S(N)(=O)=O)c1,1
6454,No ,[14*]c1nc2cc(F)ccc2n(C)c1=O,1
6455,No ,[14*]c1nc2ccccc2[nH]c1=O,1
6456,No ,[12*]S(=O)(=O)c1ccc([16*])cc1C,1
6457,No ,[14*]c1nnc2cc(C)c3ccccc3n12,1
6458,No ,[14*]c1nc2c(=O)n(C)c(=O)n(C)c2[nH]1,1
6459,No ,[1*]C(=O)C([8*])C[8*],1
6460,No ,[15*]C1CNc2cc(C)nn2C1,1
6461,No ,[14*]c1nc2c(s1)CC(C)CC2,1
6462,No ,NS(=O)(=O)N1CCN(C2CCCc3ccccc32)CC1,1
6463,No ,[9*]n1ncc(=O)c2ccccc21,1
6464,No ,[9*]n1cnc2c(oc3ccccc32)c1=O,1
6465,No ,[16*]c1c(C#N)cnc2c([16*])cccc12,1
6466,No ,[9*]n1ccn([9*])c(=O)c1=O,1
6467,No ,[14*]c1nn(C)c(=O)c2noc(C)c12,1
6468,No ,[13*]C1Oc2ccccc2C1C,1
6469,No ,[14*]c1nc2cc(F)c(F)cc2s1,1
6470,No ,[8*]C(C)CS([12*])(=O)=O,1
6471,No ,[16*]c1ccc(F)c([16*])c1F,1
6472,No ,[5*]NC1CC(C)(C)Cc2oc(C)cc21,1
6473,No ,[9*]n1cnc2cc(Cl)ccc2c1=O,1
6474,No ,[12*]S(=O)(=O)c1ccc([16*])c2ncccc12,1
6475,No ,[16*]c1c[nH]cc1C,1
6476,No ,[10*]N1C(=O)CC2(CCCCCC2)C1=O,1
6477,No ,[5*]N1CC(C)Cn2c1nc1c2c(=O)n(C)c(=O)n1C,1
6478,No ,[14*]c1nc2c(s1)CCCCC2,1
6479,No ,[14*]c1ncncc1C,1
6480,No ,[14*]c1c([16*])c(C)nc2c([16*])c(C)nn12,1
6481,No ,[4*]C(C)CC,1
6482,No ,[14*]c1cc2c(s1)-c1cc(F)ccc1SC2,1
